mu_c,eps_c,mu_e,eps_e
0.377084397566997,0.377084397566997,0.387488917152345,0.387488917152345
0.843202873727193,0.466118476160196,0.862031873441566,0.474542956289221
1.26302473938064,0.419821865653448,1.28608383947414,0.424051966032571
1.61783294919362,0.354808209812979,1.6431166121196,0.357032772645464
1.91976898922423,0.301936040030608,1.94647427151145,0.303357659391848
2.18164088519956,0.261871895975328,2.20939928355792,0.262925012046473
2.41280299443312,0.231162109233567,2.44140646671696,0.232007183159036
2.61980426667081,0.20700127223769,2.64911410843077,0.207707641713814
2.80730965010448,0.187505383433667,2.83722339028417,0.188109281853398
2.97873953710101,0.171429886996527,-0.0977336608344292,-2.9349570511186
3.13667412305338,0.157934585952373,-1.04622588907798,-0.948492228243554
3.28310921436736,0.14643509131398,-1.52533651202471,-0.479110622946728
3.41962205499117,0.136512840623808,-1.87125162940879,-0.345915117384081
3.54748206993969,0.127860014948519,-2.15321259562397,-0.281960966215182
3.66772701028497,0.120244940345277,-2.39551004378191,-0.242297448157941
3.78121672295752,0.11348971267255,-0.0455042440543463,2.35000579972757
3.88867203276426,0.107455309806746,0.898319826240316,0.943824070294662
3.99070345476261,0.10203142199835,1.40155013496862,0.503230308728303
4.08783279301558,0.0971293382529663,1.76530844648863,0.363758311520013
4.18050965650085,0.0926768634852718,2.06062144668352,0.29531300019489
4.26912427356623,0.0886146170653825,0.0770531906192673,-1.98356825606426
4.35401756469567,0.084893291129443,-0.829975978945584,-0.907029169564852
4.43548915327862,0.0814715885829419,-1.34041329725381,-0.510437318308228
4.51380380411502,0.0783146508364075,-1.71232778207308,-0.371914484819265
4.58919664807586,0.0753928439608314,-2.01426215756138,-0.301934375488307
4.66187745898283,0.0726808109069726,-2.27217136880283,-0.257909211241445
4.73203418278183,0.070156723799003,-2.49880725256644,-0.22663588376361
4.79983587124906,0.0678016884672252,-0.0311468751736443,2.4676603773928
4.86543513733219,0.0655992660831338,0.921383344352304,0.952530219525949
4.92897022310457,0.0635350857723833,1.42170011940519,0.500316775052885
4.99056675166783,0.0615965285632538,1.78271112816913,0.361011008763937
5.05033921941615,0.0597724677483267,2.07585588988562,0.293144761716493
-4.01031439834708,-9.06065361776324,2.32680258885973,0.250946698974113
-4.16119143651909,-0.150877038172011,2.54784988701717,0.221047298157441
-4.28638980855214,-0.125198372033044,2.74608415973059,0.198234272713416
-4.39521980777968,-0.108829999227542,2.92610537615137,0.180021216420782
-4.49268734156282,-0.097467533783141,3.0911414551011,0.165036078949725
-4.58177503704211,-0.0890876954792873,3.24357978185406,0.152438326752962
-4.66439239097784,-0.0826173539357333,3.38525282182729,0.141673039973226
-4.741829600936,-0.0774372099581527,3.5176062611109,0.132353439283616
3.6462845439918,8.38811414492779,3.64180510863394,0.124198847523044
3.83829451679572,0.192009972803926,3.75880430067904,0.116999192045097
3.98890315704573,0.150608640250012,3.86939765812098,0.11059335744194
4.11584469420906,0.126941537163329,3.97425295655103,0.104855298430047
4.22744227304516,0.111597578836096,4.07393771812907,0.0996847615780415
4.32823433355796,0.100792060512798,4.16893859638376,0.0950008782546932
4.42094796064982,0.0927136270918593,4.25967621450276,0.0907376181189996
4.50733980496169,0.0863918443118791,-1.88750663694769,-6.14718285145045
4.58860341922505,0.0812636142633557,-2.40296529813336,-0.515458661185669
4.66558543069489,0.0769820114698363,-2.69373769472652,-0.290772396593165
4.73890839869282,0.0733229679979314,-2.91342575568769,-0.219688060961163
4.80904447111153,0.0701360724187135,-3.09744948318339,-0.184023727495703
-3.44499073349127,-8.2540352046028,-3.25939806399057,-0.161948580807177
-3.66703807075513,-0.222047337263857,-3.40584190267906,-0.14644383868849
-3.83411894056223,-0.167080869807099,-3.54046406141025,-0.134622158731195
-3.97205655085534,-0.137937610293116,-3.66556481370476,-0.125100752294506
-4.09190495741713,-0.119848406561787,-3.78270519920493,-0.117140385500169
-4.19936792435005,-0.107462966932917,-3.89301501532465,-0.110309816119723
-4.29774600332744,-0.0983780789773956,-3.99735355375842,-0.104338538433769
-4.3891074421382,-0.0913614388107592,1.39609115294058,5.393444706699
-4.47482845770804,-0.0857210155698356,2.02316669037066,0.627075537430081
-4.55586971211147,-0.081041254403432,2.35512348794247,0.331956797571807
-4.63292899225072,-0.0770592801392458,2.60331419278238,0.248190704839917
-4.70653061297675,-0.0736016207260384,2.81053535089715,0.20722115811477
-4.77708027190293,-0.0705496589261796,2.99239780766917,0.181862456772014
3.27699723021148,8.05407750211442,-0.274633146107124,-3.26703095377629
3.52480567500957,0.247808444798083,-1.17729643403984,-0.902663287932714
3.7051896469188,0.180383971909229,-1.63127287858491,-0.453976444545074
3.85190571164749,0.146716064728692,-1.9615740654063,-0.33030118682139
3.9783873452321,0.126481633584607,-2.23232945506107,-0.27075538965477
4.09128451556935,0.112897170337256,-2.4660128507147,-0.233683395653624
-2.0731969447333,-6.16448146030265,-0.0254022171258668,2.44061063358883
-2.53844176319323,-0.465244818459927,0.921162436722151,0.946564653848018
-2.81148888816919,-0.27304712497596,1.42078205003204,0.499619613309893
-3.01933637103209,-0.207847482862904,1.78173446131028,0.360952411278241
-3.19379958495578,-0.174463213923694,2.07493787364849,0.293203412338209
-3.34749072458422,-0.153691139628434,2.32596221843403,0.251024344785538
-3.48661150308438,-0.139120778500159,2.54708336766732,0.221121149233291
-3.61466238057794,-0.128050877493568,2.74538283508322,0.198299467415902
0.811055085369717,4.42571746594766,2.92546047189043,0.180077636807211
1.58199481583011,0.770939730460394,3.09054526193791,0.165084790047472
1.96840661598938,0.386411800159271,3.24302581184535,0.152480549907445
2.2530453030759,0.284638687086517,3.38473568105021,0.141709869204862
2.48880599493455,0.235760691858654,3.51712146655581,0.132385785505595
2.6942959431591,0.205489948224545,3.64134891705841,0.124227450502597
2.8782479591064,0.183952015947297,3.75837356569028,0.117024648631872
3.04559010782347,0.167342148717075,3.86898971557445,0.110616149884177
3.19947958251446,0.153889474690985,3.97386553395729,0.104875818382832
-0.298139266621543,-3.497618849136,-1.32932869827446,-5.30319423223174
-1.20792392679452,-0.909784660172977,-1.97300782049627,-0.64367912222181
-1.65517390421996,-0.447249977425438,-2.31098723415529,-0.337979413659021
-1.97907313591747,-0.323899231697514,-2.56330178068666,-0.252314546531378
-2.24433536303426,-0.265262227116787,-2.7738331370715,-0.210531356384835
-0.0834793028242777,2.16085606020998,-2.95849516472836,-0.18466202765686
0.846306191794659,0.929785494618937,-3.12481082242237,-0.166315657694007
1.3529313353667,0.50662514357204,-3.27699704571153,-0.152186223289163
1.71936980797504,0.366438472608339,-3.41772364735896,-0.140726601647434
2.01644654665195,0.297076738676909,-3.54883753795831,-0.131113890599342
2.27029714984807,0.253850603196125,-3.67170098454832,-0.122863446590018
2.49356275442706,0.223265604578985,-3.78736638733455,-0.115665402786231
2.69354418892639,0.199981434499332,-3.89667460174914,-0.109308214414584
2.87497697497036,0.181432786043969,-4.00031441730802,-0.103639815558879
3.04117764664796,0.166200671677598,1.38182922951468,5.3821436468227
3.1945936184633,0.153415971815342,2.01279089118903,0.630961661674346
3.33709936724226,0.142505748778966,2.34605191359303,0.333261022404
3.47017083644045,0.133071469198186,2.59510690057544,0.249054986982408
3.59499537812868,0.124824541688232,2.80301174142234,0.207904840846902
3.7125447900746,0.117549411945922,2.985448621007,0.182436879584663
3.82362586152851,0.111081071453905,3.14984054241625,0.164391921409244
3.92891650959057,0.105290648062063,3.30034556091991,0.150505018503662
4.02899230458227,0.100075794991701,3.4395918130884,0.139246252168491
-1.33031108065174,-5.35930338523401,3.56939402186636,0.12980220877796
-1.97468233704949,-0.644371256397752,3.69108863898377,0.121694617117417
-2.31071386325906,-0.336031526209562,3.80570700623257,0.114618367248794
-2.5607304076947,-0.250016544435641,3.91407264467846,0.108365638445888
-2.76897740906555,-0.208247001370852,4.01685998471137,0.102787340032913
-2.95149432984637,-0.182516920780822,4.11463205983178,0.0977720751204147
-3.11584589223334,-0.164351562386965,4.20786598098939,0.0932339211576046
0.276243319700083,3.39208921193342,4.29697090755221,0.0891049265628163
1.186270663238,0.910027343537913,4.38230118054852,0.0853302729963143
1.6365996376954,0.450328974457407,4.46416620202234,0.0818650214738196
1.96283024936812,0.32623061167272,4.54283804492262,0.0786718429002816
2.22991114757994,0.267080898211815,4.61855743052322,0.0757193856006
2.46041804659071,0.230506899010774,4.69153850051647,0.0729810699932519
2.66496354095849,0.204545494367782,4.76197267929777,0.0704341787812941
2.84958851490754,0.184624973949045,-3.19934629685187,-7.96131897614964
3.0181938336269,0.168605318719364,-3.46038372183857,-0.261037424986697
3.17351779775506,0.155323964128153,-3.64786095433094,-0.187477232492374
3.31759367320994,0.144075875454885,-3.79962146755618,-0.151760513225239
3.45199133455252,0.13439766134258,-3.93020969466017,-0.130588227103984
-0.523907211386775,-3.9758985459393,-4.04668575792353,-0.116476063263363
-1.37621970597047,-0.852312494583697,-4.15297290827031,-0.106287150346784
-1.79504714924193,-0.418827443271454,-4.25146019817532,-0.09848728990501
-2.10062060899853,-0.305573459756602,-4.3437050802217,-0.0922448820463764
-2.35223716848611,-0.251616559487581,-4.43077934455151,-0.0870742643298133
-2.57048822681006,-0.21825105832395,-4.51345432761056,-0.082674983059046
-2.76501879563537,-0.194530568825311,-4.59230658881403,-0.0788522612034672
-2.94129219381634,-0.176273398180973,-4.66778133156126,-0.0754747427472303
-3.10282458078414,-0.161532386967798,3.04541789994141,7.71319923150266
-3.25208215673296,-0.149257575948815,3.3310475316216,0.28562963168019
-3.39089857612948,-0.138816419396524,3.53038374386844,0.199336212246843
-3.52069351857719,-0.129794942447711,3.68995345818276,0.159569714314323
-3.64259861931378,-0.121905100736593,3.82654378385718,0.136590325674417
-3.75753577513043,-0.114937155816647,3.94803383316271,0.121490049305527
-3.86626884907714,-0.108733073946708,4.05870819013529,0.110674356972586
-3.96943945240633,-0.103170603329189,4.16113736056087,0.102429170425581
1.2282466352703,5.19768608767663,4.25697995716234,0.0958425966014645
1.89743915633177,0.669192521061466,4.34736969876165,0.0903897415993148
2.24271732453839,0.34527816820662,4.43311924988322,0.0857495511215624
2.49910736875677,0.256390044218379,4.51483496046103,0.0817157105778198
2.71247947483408,0.213372106077311,4.59298494129944,0.0781499808384017
2.89933146038577,0.186851985551694,4.66794124320548,0.0749563019060421
-0.153607057551381,-3.05293851793715,-3.00549558437138,-7.67343682757685
-1.0854935247914,-0.931886467240023,-3.29827182946396,-0.292776245092587
-1.55314414685921,-0.467650622067804,-3.50087383125199,-0.202602001788025
-1.89090432129701,-0.337760174437807,-3.66253781204306,-0.161663980791069
-2.16652674658313,-0.275622425286112,-3.80071266694039,-0.138174854897338
-2.40371595986595,-0.237189213282826,-3.92351289192399,-0.122800224983598
-2.61365933794735,-0.209943378081402,-4.03532534942836,-0.111812457504364
-2.80274265965976,-0.189083321712405,-4.13877143648726,-0.103446087058904
0.0392998346180087,2.84204249427777,-4.23553798695589,-0.096766550468626
1.00031088639091,0.961011051772903,-4.32677594593028,-0.0912379589743919
1.48476755862681,0.484456672235896,-4.41330945253012,-0.0865335065998423
1.8328455442197,0.348077985592896,-4.49575311162872,-0.082443659098601
2.11579761421121,0.282952069991503,-4.57458136391063,-0.0788282522819096
2.35858357448937,0.242785960278161,-4.650171360135,-0.0755899962243717
2.57297960750453,0.214396033015157,-4.7228304695604,-0.0726591094253986
2.76570315785544,0.192723550350916,-4.79281451814222,-0.0699840485818152
2.94109115902389,0.175388001168451,-4.86034024133683,-0.0675257231946179
-0.109386041762558,-3.05047720078645,3.56184123164076,8.42218147297759
-1.06099158020632,-0.951605538443762,3.76812834505865,0.206287113417887
-1.53468469259199,-0.473693112385671,3.92704750628215,0.158919161223508
-1.87555676607607,-0.340872073484076,4.05982803519544,0.132780528913287
-2.15322632596884,-0.277669559892768,4.17600495597345,0.116176920778008
-2.3919233944383,-0.238697068469461,4.28063851632392,0.104633560350471
-2.60304545815521,-0.211122063716909,4.37671285078711,0.0960743344631877
-2.7930838653344,-0.190038407179193,4.4661239738683,0.0894111230811904
-2.96622834775927,-0.173144482424867,4.55014698032026,0.0840230064519571
-3.12541507638267,-0.159186728623404,-2.97731055682715,-7.5274575371474
-3.2728187730427,-0.14740369666003,-3.27244418002847,-0.295133623201321
-3.410113578201,-0.137294805158299,-3.47645482343374,-0.204010643405269
-3.53862508322406,-0.128511505023058,-3.6392458308156,-0.162791007381867
-3.65942566218127,-0.120800578957209,-3.77841889583121,-0.139173065015606
-3.77339771159356,-0.113972049412298,-3.90213732497683,-0.123718429145626
-3.8812774699767,-0.107879758383137,-4.0148065409438,-0.112669215966967
-3.98368643781612,-0.102408967839419,-4.11905621259705,-0.104249671653246
-4.08115453208205,-0.0974680942659282,-4.21657773086436,-0.0975215182673112
1.42472194230588,5.50587647438792,2.01756156657297,6.23413929743733
2.04650802078833,0.621786078482456,2.50110903563503,0.483547469062053
2.37422273308667,0.327714712298342,2.78094815881784,0.279839123182813
2.61849595959695,0.244273226510278,2.99352685845394,0.212578699636104
2.82210229069974,0.203606331102786,3.17192504383305,0.178398185379108
3.00067233502689,0.178570044327153,3.32908334080915,0.157158296976093
3.16159778497466,0.160925449947769,3.47132175242227,0.14223841161312
3.30900078635953,0.147403001384867,3.60219831766976,0.130876565247493
3.44547037896924,0.136469592609711,3.72393610102681,0.121737783357046
3.57278268588958,0.127312306920343,-1.00309113122419,-4.727027232251
3.69223838832467,0.119455702435091,-1.72500625799908,-0.721915126774884
3.80483689750661,0.112598509181937,-2.09392236095122,-0.368916102952143
3.91137383982369,0.106536942317076,-2.36771709770424,-0.273794736753021
4.0124995655948,0.101125725771119,-2.59544398766522,-0.227726889960983
4.10875644485168,0.0962568792568776,-2.79453521617863,-0.199091228513411
4.20060389635743,0.091847451505745,-2.97320499119851,-0.178669775019875
-1.66013032910071,-5.86073422545813,-3.13609201581621,-0.1628870246177
-2.2270765124877,-0.566946183386989,-3.28616710324976,-0.150075087433553
-2.53487888742264,-0.307802374934945,-3.42550777370762,-0.139340670457852
-2.76541905274213,-0.230540165319486,-3.55565861726399,-0.130150843556376
-2.95787290383981,-0.192453851097682,-3.6778184651135,-0.122159847849506
-3.12688741266089,-0.16901450882108,0.876663956433558,4.55448242154706
-3.27945298028277,-0.15256556762188,1.63344465582615,0.756780699392594
-3.41946746919215,-0.140014488909384,2.0154170837108,0.381972427884652
-3.54936474241856,-0.129897273226405,2.29787724164616,0.28246015793536
-3.6708007725903,-0.121436030171738,2.53233145680041,0.234454215154244
-3.78497841857355,-0.114177645983256,2.73694280635154,0.20461134955113
-3.8928157499888,-0.107837331415247,2.92025831532497,0.183315508973428
1.12116728575967,5.01398303574847,-0.174277251286358,-3.09453556661132
1.81634516893188,0.695177883172212,-1.10470778355844,-0.930430532272078
2.17161833511505,0.35527316618317,-1.57261954920245,-0.467911765644013
2.43491085965526,0.263292524540205,-1.91150376225582,-0.33888421305337
2.65381219724487,0.218901337589615,-2.18841773434373,-0.276913972087914
2.84531628335007,0.191504086105198,-2.4268424089568,-0.238424674613072
3.01740669441527,0.172090411065199,-2.6379010730462,-0.211058664089399
3.17455474808114,0.157148053665872,0.0200025702967799,2.65790364334298
3.31959614310698,0.145041395025838,0.972700850911411,0.952698280614631
3.45449690852305,0.134900765416069,1.46432285270663,0.491622001795215
3.58070956577757,0.126212657254527,1.81905197911668,0.354729126410058
3.6993570551364,0.118647489358827,2.10754632163088,0.288494342514201
3.8113364575511,0.111979402414702,2.35490692187632,0.247360600245437
3.91738200606916,0.106045548518056,2.5731014125922,0.218194490715876
-1.1458703817477,-5.06325238781686,2.76901092038761,0.195909507795416
-1.83534376800441,-0.689473386256704,2.94710068936479,0.178089768977177
-2.18829580546078,-0.352952037456367,3.11050629203673,0.163405602671938
-2.44996287537795,-0.261667069917172,3.26154963273339,0.151043340696664
-2.6675568292454,-0.217593953867457,3.40201543930134,0.140465806567949
-2.85796030087654,-0.190403471631133,-0.540158119391395,-3.94217355869274
-3.02910609687162,-0.171145795995081,-1.38596993273271,-0.845811813341318
-3.18543441772711,-0.156328320855496,-1.80569995924804,-0.419730026515323
-3.32975861556152,-0.144324197834411,-2.11313511007728,-0.307435150829249
-3.46402749215721,-0.134268876595686,-2.36670192653029,-0.253566816453009
0.54998534044244,4.01401283259965,-0.0203448752801978,2.3463570512501
1.39445094677817,0.844465606335727,0.912027863817361,0.932372739097559
1.810189091966,0.415738145187834,1.41144164206624,0.499413778248879
2.11382301110982,0.30363391914382,1.77332092701544,0.361879284949204
2.36399885911042,0.250175848000603,2.06745353632256,0.294132609307115
2.58110609645354,0.217107237343113,2.31926987278197,0.251816336459407
2.77469790347437,0.19359180702083,2.54104837849441,0.221778505712447
2.9501847334102,0.175486829935838,2.7398944515341,0.198846073039686
3.11104801857472,0.160863285164513,2.92043090282095,0.180536451286853
3.25972944817268,0.148681429597968,-0.148996522429289,-3.06942742525024
3.39804463801892,0.138315189846231,-1.08825156364448,-0.939255041215187
3.52739962410762,0.129354986088702,-1.55969645737859,-0.471444893734119
3.64891551225744,0.121515888149827,-1.90060005369399,-0.340903596315398
3.76350594043013,0.114590428172688,-2.17891166353161,-0.278311609837618
3.87192820385426,0.108422263424123,-2.4183919871709,-0.239480323639294
-1.07040483220629,-4.94233303606055,-2.63028643525464,-0.211894448083739
-1.77893869661998,-0.708533864413692,-2.82103810195369,-0.190751666699047
-2.13911438902588,-0.360175692405899,-2.99482550525077,-0.173787403297077
-2.40571066785415,-0.266596278828265,-3.15458693502137,-0.159761429770599
-2.62722040051803,-0.221509732663879,-3.30250360931708,-0.147916674295718
-2.82089800981329,-0.193677609295266,-3.44025709213968,-0.137753482822598
-2.99484217445497,-0.173944164641679,-3.56918003617885,-0.128922944039164
-3.15359214392964,-0.158749969474665,-3.6903510935729,-0.121171057394058
0.276009009075151,3.42960115300479,0.888662144084123,4.57901323765703
1.18949849938603,0.913489490310882,1.64254514488558,0.75388300080146
1.6397567822584,0.450258282872364,2.02326459497116,0.38071945008558
1.96569897279393,0.325942190535531,2.30486403162089,0.281599436649729
2.23249780626073,0.266798833466798,2.53864220150112,0.233778169880231
2.46275912391152,0.230261317650796,2.7426968075402,0.20405460603908
2.66709578334719,0.204336659435668,2.92554350441526,0.182846696875052
2.85154340168257,0.184447618335381,3.09199978982169,0.166456285406437
-0.0651478396492706,-2.91669124133184,-0.280735922621366,-3.37273571244306
-1.0226419450151,-0.957494105365832,-1.19025260702336,-0.909516684401995
-1.50308190274932,-0.480439957734218,-1.64313216192522,-0.452879554901859
-1.84848452081804,-0.345402618068723,-1.97212682492445,-0.328994662999234
-2.12948389968419,-0.280999378866147,-2.24175344323049,-0.269626618306039
-2.37076312841577,-0.24127922873158,-2.47449696752216,-0.232743524291663
-0.0884204201684722,2.2823427082473,-0.0223801152453351,2.45211685227682
0.860370054071755,0.948790474240227,0.924292956890167,0.946673072135502
1.36701400785249,0.506643953780738,1.42338805247657,0.499095095586407
1.73196459531173,0.364950587459234,1.78395435337451,0.360566300897935
2.02761002333706,0.29564542802533,2.07687143380784,0.292917080433329
2.28025831623503,0.252648292897973,2.32767525263815,0.250803818830307
2.50253337836787,0.222275062132844,2.548621263786,0.220946011147856
2.70169477314048,0.19916139477261,2.74677823062053,0.198156966834528
0.00767467623301687,-2.69402009690747,2.92673763056299,0.179959399942456
-0.957622957998604,-0.965297634231621,3.09172271647719,0.164985085914208
-1.44963045299887,-0.492007495000271,3.24411803951478,0.152395323037586
-1.80285985953184,-0.353229406532969,3.38575420847079,0.141636168956007
-2.08958610805813,-0.286726248526281,3.5180756222366,0.132321413765817
-2.33528290893226,-0.245696800874134,3.64224635827162,0.124170736035016
-2.55200105700835,-0.216718148076091,-0.823539998401739,-4.46578635667336
-2.7466230227346,-0.194621965726247,-1.59441745134387,-0.770877452942133
-2.92359301474602,-0.176969992011419,-1.98202960279495,-0.387612151451079
-3.08602186551315,-0.162428850767133,-2.26826046582113,-0.286230863026181
-3.23620875919357,-0.150186893680417,-2.50563788196681,-0.237377416145683
0.317617438589739,3.5538261977833,-2.71263910192663,-0.207001219959814
1.22375047777621,0.90613303918647,-2.8979579198566,-0.185318817929974
1.66839367283424,0.444643195058032,-3.06651992196576,-0.168562002109159
1.99054368471115,0.322150011876905,-3.22149363310765,-0.154973711141889
2.25449336776736,0.263949683056218,-3.3651025815919,-0.143608948484253
2.48250194969077,0.22800858192341,-3.49900304591053,-0.133900464318625
2.6850045296458,0.202502579955023,0.652118128706165,4.15112117461669
2.86792831460449,0.182923784958695,1.46794764081139,0.815829512105223
3.03509590056369,0.1671675859592,1.87454856756742,0.406600926756037
3.18918943145412,0.154093530890428,2.17341141960783,0.298862852040404
3.33220076292178,0.143011331467658,2.42049724581266,0.247085826204835
3.46566858445788,0.133467821536098,2.63537181558777,0.214874569775106
-0.538775432507464,-4.00444401696534,-0.0409760107388908,-2.67634782632666
-1.3870976020499,-0.848322169542431,-0.986393896788101,-0.945417886049211
-1.8041555162449,-0.417057914195002,-1.47487162013918,-0.488477723351079
-2.10858408890772,-0.304428572662823,-1.82784109046134,-0.352969470322162
-2.35933962261054,-0.25075553370282,-2.11514584105469,-0.287304750593343
-0.0566554568694162,2.30268416574112,-2.36162379822158,-0.246477957166893
0.881013906050005,0.937669362919421,-2.5791284813665,-0.217504683144925
1.38262249162959,0.501608585579586,-2.77448066141345,-0.195352180046944
1.74481840803735,0.362195916407759,-2.95210935526065,-0.177628693847205
2.03864564389458,0.29382723585723,-3.1151265429565,-0.163017187695845
2.28996774714797,0.251322103253392,-3.26583789148866,-0.15071134853216
2.51121834527451,0.221250598126542,-3.40601649909358,-0.140178607604918
0.067679274475811,-2.4435390707987,-3.53706383830604,-0.131047339212465
-0.893497536884582,-0.961176811360393,-3.66011129210433,-0.123047453798291
-1.39592716837334,-0.502429631488762,-3.77608775682348,-0.115976464719145
-1.75692557789844,-0.360998409525096,-3.88576656745821,-0.109678810634738
-2.04945997226665,-0.29253439436821,-3.98979915749827,-0.104032590040061
-2.29965749299794,-0.250197520731292,-4.08873985047848,-0.0989406929802037
-0.103007907607351,2.19664958539059,1.53910938321202,5.6278492336905
0.840214870040619,0.94322277764797,2.13323616473498,0.594126781522963
1.34969384721011,0.509478977169488,2.45279347337839,0.319557308643405
1.71710895935843,0.367415112148321,2.69232661667352,0.23953314329513
2.01465139278698,0.29754243342855,2.89250772229111,0.200181105617591
2.26877766535933,0.254126272572355,3.06835824758478,0.175850525293676
2.49223084000362,0.223453174644285,3.22702178301857,0.158663535433782
2.69235164403823,0.200120804034611,-0.439529689591089,-3.66655147260965
2.87389397075251,0.181542326714276,-1.30590725006188,-0.866377560470788
3.04018400003762,0.166290029285115,-1.73810286952131,-0.432195619459438
3.19367477319351,0.153490773155886,-2.05403773234754,-0.315934862826225
3.3362443323181,0.142569559124592,-2.31408958764845,-0.260051855300913
3.46937102880028,0.133126696482179,-2.53934487885565,-0.225255291207197
3.594243922659,0.124872893858723,-2.73976283176147,-0.200417952905818
3.7118360698021,0.117592147143097,-2.92103676589315,-0.181273934131683
3.82295521411073,0.111119144308633,-3.0868581379378,-0.165821372044647
-0.99451455476844,-4.81746976887917,0.264434161790319,3.35129229972812
-1.72242011574974,-0.727905560981297,1.17917557354449,0.914741411754173
-2.0900456421958,-0.367625526446067,1.6342349633645,0.455059389820007
-2.36170380603224,-0.27165816383644,1.96453105387551,0.330296090511012
-2.58721251615615,-0.225508710123902,2.23508424517944,0.270553191303933
-2.78421644591083,-0.197003929754683,2.46854034833714,0.233456103157691
-2.96099062928825,-0.17677418337742,2.67559265130921,0.207052302972079
0.152722250953239,3.11371288024149,-0.0364340360902231,-2.71202668739944
1.09115882245349,0.938436571500254,-0.988007439166123,-0.9515734030759
1.55869556091001,0.467536738456515,-1.47694812050006,-0.488940681333941
1.89592087541728,0.337225314507274,-1.82981446990488,-0.352866349404818
2.17102666171355,0.275105786296263,-2.11694012137924,-0.287125651474363
2.40777158873678,0.236744927023229,-2.36324610297865,-0.246305981599406
2.61734089841367,0.209569309676898,-2.58060082356322,-0.217354720584568
2.80610900521653,0.188768106802859,-2.77582508599394,-0.195224262430722
2.97819284689639,0.172083841679861,-2.95334479751451,-0.177519711520564
-0.132504249031903,-3.1106970959283,-3.11626860680942,-0.162923809294911
-1.0797918798529,-0.947287630820996,-3.26689931650639,-0.150630709696972
-1.55007648416389,-0.47028460431099,-3.40700771077014,-0.140108394263752
-1.88873313660751,-0.338656652443617,-3.53799342710572,-0.130985716335583
-2.16478753375825,-0.276054397150741,-3.6609863966164,-0.122992969510674
-2.40223435882778,-0.237446825069538,-3.77691436161188,-0.115927964995479
-2.61235389534578,-0.210119536518,1.01207373422361,4.78898809583548
-2.80156867262796,-0.189214777282178,1.73424530176237,0.722171567538763
-2.97402387388823,-0.172455201260266,2.10234535933731,0.368100057574944
-3.1326250700508,-0.158601196162574,2.3753887470019,0.273043387664586
-3.27952511341137,-0.146900043360562,2.60245797046856,0.227069223466665
-3.41638205004844,-0.136856936637073,2.80097858909892,0.198520618630358
-3.54450934812592,-0.128127298077486,2.97915362171891,0.178175032619986
-3.66497007082539,-0.120460722699462,3.1416104308469,0.162456809127996
-3.77863934344322,-0.113669272617835,-0.322594362823957,-3.46420479367086
-3.88624764263977,-0.107608299196548,-1.22191987051189,-0.899325507687932
-3.98841184368104,-0.10216420104127,-1.66917175588472,-0.447251885372833
-4.08565810758062,-0.0972462638995814,-1.99455692626546,-0.325385170380738
-4.17843913523137,-0.092781027650748,-2.26153163575641,-0.266974709490951
-4.26714741996019,-0.0887082847288196,-2.49220359703352,-0.230671961277105
-4.35212558897932,-0.0849781690191322,-2.69701080419416,-0.204807207160648
1.97960958011792,6.33173516909724,0.0462278140288839,2.74323861822305
2.47556071276333,0.495951132645406,0.996947626310684,0.9507198122818
2.75771722981486,0.282156517051534,1.48431089508501,0.487363268774327
2.97075272231591,0.213035492501047,1.83609221927373,0.351781324188718
3.14897099225962,0.178218269943711,2.12242187125588,0.286329651982146
3.30569197649445,0.156720984234829,2.36811440997447,0.245692538718599
-0.558052657005167,-3.86374463349962,2.58498039270412,0.216865982729646
-1.38846268381506,-0.830410026809896,2.77980561727556,0.194825224571441
-1.80332068225674,-0.41485799844168,2.95699319327555,0.177187575999992
-2.10724527893948,-0.303924596682734,3.11963616491052,0.16264297163497
-2.35790783907806,-0.250662560138586,3.27002625805821,0.15039009314769
-0.0581737966755416,2.29973404240252,3.40992616584822,0.139899907790002
0.879760697045735,0.937934493721277,3.54072947438462,0.130803308536407
1.38162029908447,0.501859602038736,3.66356149697319,0.122832022588571
1.74397663616048,0.362356337076012,3.77934639019848,0.115784893225283
2.03791688352565,0.293940247365166,3.88885373765165,0.109507347453178
2.2893240043233,0.251407120797655,3.99273196674464,0.103878229092989
0.105306184264871,-2.18401782005843,4.09153296481576,0.098800998071119
-0.837123515273247,-0.942429699538118,4.18573061221632,0.0941976474005576
-1.34704703268055,-0.509923517407307,4.27573499329475,0.0900043810784307
-1.71484313145958,-0.367796098779027,4.36190346489955,0.0861684716047992
-2.01267719959939,-0.297834068139812,4.44454939498038,0.0826459300808365
-0.109272819539631,1.90340438005976,-2.31725197046843,-6.76180136544881
0.793589331493762,0.902862151033393,-2.74141159283848,-0.424159622370051
1.3058654720413,0.512276140547534,-2.99828910660549,-0.256877513767014
1.67864885803,0.3727833859887,-3.19519390305058,-0.196904796445086
1.98085313921452,0.302204281184524,-3.36083225175803,-0.165638348707454
2.23875857762598,0.257905438411456,-3.50690862324403,-0.146076371485998
2.46527221006303,0.226513632437058,-3.63926817724385,-0.132359553999821
2.66790232137006,0.202630111307028,-3.76123467963072,-0.12196650238687
0.0218454776425308,-2.64605684372753,1.12597331882462,4.88720799845534
-0.944134780835609,-0.96598025847814,1.81484744434076,0.688874125516137
-1.43848999178246,-0.494355210946849,2.17156279863091,0.356715354290151
-1.7933575684687,-0.354867576686242,2.43717685330623,0.265614054675321
-2.08128818619093,-0.287930617722231,2.65848713881987,0.221310285513641
-2.3279134755927,-0.246625289401771,2.85226593540377,0.193778796583903
-2.54537137635604,-0.21745790076334,3.02643099365775,0.174165058253973
-2.74059729636434,-0.195225920008298,3.18544468085086,0.15901368719311
0.00956133177587271,2.75015862814021,-0.361733183975359,-3.54717786482622
0.973618716796853,0.96405738502098,-1.25125044505586,-0.889517261080502
1.4628162265018,0.489197509704946,-1.69334791877088,-0.442097473715023
1.81410931979585,0.351293093294051,-2.01542637903248,-0.322078460261598
2.09941483665951,0.285305516863662,-2.27996363448437,-0.26453725545189
2.34401617228445,0.244601335624935,-2.50872558681849,-0.22876195233412
0.0942630376123308,-2.24975313467211,-2.71198524705247,-0.203259660233981
-0.852588862043407,-0.946851899655737,-2.8956158315678,-0.183630584515322
-1.36035247234135,-0.507763610297944,-3.06342524768374,-0.167809416115948
-1.72625490795501,-0.365902435613657,-3.21809563603142,-0.154670388347675
-2.02262971466221,-0.296374806707203,-3.36162404459037,-0.143528408558953
-0.108779924955385,1.91384978970682,-3.49555577818964,-0.133931733599271
0.79547167733109,0.904251602286475,-3.62112038049453,-0.125564602304887
1.30760772337516,0.512136046044066,-3.73931700396779,-0.118196623473262
1.68016859527754,0.372560871902379,-3.85097117484841,-0.111654170880618
1.98218430649252,0.302015711214981,-3.95677425172539,-0.105803076876982
2.23993851612273,0.257754209630217,-4.05731182293075,-0.100537571205362
2.46633042656625,0.226391910443518,-4.15308471565719,-0.0957728927264411
2.66886112178167,0.202530695215419,-4.24452489132453,-0.0914401756673348
0.021455960035643,-2.64740516174603,1.85500610945658,6.09953100078111
-0.944510743014009,-0.965966703049652,2.37762178873862,0.52261567928204
-1.43880090868615,-0.494290165672144,2.67100907341587,0.293387284677254
-1.7936227704557,-0.354821861769543,2.89248557913686,0.22147650572099
-2.08151973261606,-0.287896962160367,3.07796458552748,0.185479006390612
-2.32811907243783,-0.246599339821767,3.24116997170403,0.163205386176551
-2.54555630246695,-0.217437230029116,3.38872461225102,0.147554640546989
-2.74076535078943,-0.19520904832248,3.52433895092559,0.135614338674572
-2.91822397336627,-0.177458622576843,3.65033127071394,0.125992319788354
0.0957187159021382,3.01394268926841,-0.889067449386686,-4.53939872010063
1.04972315769015,0.95400444178801,-1.64052001032977,-0.751452560943085
1.52545777418164,0.475734616491495,-2.02114716615857,-0.380627155828797
1.86766347250308,0.342205698321437,-2.30285949435724,-0.281712328198676
2.14630529486772,0.278641822364644,-2.53678301376931,-0.233923519412063
2.38575427517742,0.239448980309699,0.0440402284390493,2.58082324220836
2.59747868069102,0.2117244055136,0.97699012661121,0.932949898172161
2.78801151405557,0.190532833364544,1.4655214450355,0.488531318424291
2.96156946940011,0.173557955344545,1.81943816466388,0.353916719628376
3.12110722084495,0.159537751444833,2.10766019451588,0.288222029851999
3.26881269913991,0.147705478294961,2.35491726501952,0.247257070503644
-0.346203006656909,-3.61501570579682,0.0561874365003172,-2.2987298285192
-1.24509873533408,-0.898895728677173,-0.885579926450666,-0.941767362950984
-1.68601338974207,-0.440914654407986,-1.39077532795309,-0.505195401502427
-2.00578252555306,-0.319769135810995,-1.75610383990598,-0.365328511952888
-2.26797594008288,-0.262193414529816,-2.0526030175891,-0.296499177683119
-2.4946052013166,-0.226629261233717,-0.0777250348845075,1.97487798270459
-2.69598746988304,-0.201382268566444,0.82832202092148,0.906047055805987
-2.87798103253658,-0.181993562653544,1.33891953972625,0.510597518804768
-3.04436334653249,-0.166382313995904,1.71103327969907,0.372113739972822
-3.19778503340658,-0.153421686874087,2.0131310113761,0.30209773167703
-3.34021504426788,-0.142430010861302,2.27116979993503,0.258038788558929
-3.47317495941084,-0.132959915142962,2.49790949262813,0.226739692693105
-3.59787471196592,-0.124699752555086,2.7007937299294,0.202884237301266
0.69046316505712,4.28833787702304,-0.0375250938857485,-2.73831882381515
1.49815609184415,0.807692926787033,-0.991622774578053,-0.954097680692304
1.89777368393454,0.399617592090389,-1.48026205849859,-0.488639283920539
2.19081314259173,0.293039458657189,-1.83273124554223,-0.352469187043635
2.43292523006725,0.242112087475523,-2.11951903376279,-0.286787788220566
2.6435372170023,0.21061198693505,-2.36554937509213,-0.246030341329341
-0.00324352379120096,-2.64678074079351,-0.0531467532409198,2.31240262185121
-0.957905940555696,-0.954662416764495,0.889099535810536,0.942246289051456
-1.44859049174609,-0.490684551190389,1.39373953823801,0.504640002427469
-1.80162493396538,-0.353034442219298,1.75863204170426,0.364892503466258
-2.08838431934794,-0.286759385382561,2.0548036973912,0.296171655686933
-2.334164898079,-0.245780578731057,2.30812563774967,0.253321940358471
-2.5509722011575,-0.2168073030785,2.531074425218,0.222948787468333
-2.74567653277502,-0.194704331617523,2.73086146830505,0.199787043087052
-2.92271951631454,-0.17704298353952,-0.0515673211773193,-2.78242878948237
-3.08521227959886,-0.162492763284313,-1.00430434999891,-0.952737028821589
-3.2354550800023,-0.150242800403446,-1.49069425576667,-0.486389905767759
-3.37521450004771,-0.139759420045405,-1.84162613825868,-0.350931882492012
-3.50588570048908,-0.130671200441372,-2.1272875334537,-0.285661395195021
0.581655818374927,4.08754151886401,-2.37244988190473,-0.245162348451035
1.41857436746513,0.836918549090199,-2.58888748169132,-0.21643759978659
1.83059019128982,0.412015823824692,-2.7833603270643,-0.194472845372978
2.13173845547228,0.301148264182461,-2.96025335143232,-0.176893024368013
2.38001675173715,0.248278296264874,-3.12264662098725,-0.16239326955493
2.59559647720984,0.21557972547269,-3.27282242175678,-0.150175800769535
2.78792486151371,0.192328384303872,-3.41253644832099,-0.139714026564214
2.96234808825144,0.174423226737724,-3.54317700278179,-0.1306405544608
3.1223038201426,0.159955731891165,-3.66586534102913,-0.122688338247335
-0.234782384842248,-3.35708620498485,0.85516521676477,4.5210305577939
-1.15993010585312,-0.925147721010869,1.61777045497137,0.762605238206599
-1.6157322298558,-0.455802124002683,2.00201438485198,0.384243929880607
-1.94508594860504,-0.329353718749238,2.28598572135414,0.283971336502166
-2.21434820031278,-0.269262251707743,2.52161002406793,0.235624302713784
-2.44651902629303,-0.232170825980252,2.72717795707535,0.205567933007423
-2.6523933160632,-0.205874289770171,-0.0879217843063618,-2.81509974138171
-2.83811001368675,-0.185716697623547,-1.02790344999896,-0.939981665692596
-3.00763046810395,-0.169520454417197,-1.50896685832619,-0.481063408327228
-3.16373350973783,-0.156103041633877,-1.8569071105429,-0.347940252216719
-3.30848103350209,-0.144747523764267,-2.14053336195799,-0.283626251415081
-3.44346388312086,-0.134982849618762,-2.38417794911753,-0.243644587159541
-3.56994472782377,-0.126480844702914,-2.59942481749441,-0.215246868376887
-3.68894749636544,-0.119002768541675,-2.79293284072756,-0.193508023233143
0.806125348364056,4.4950728447295,-2.96902591063166,-0.176093069904106
1.58308203777665,0.776956689412594,-3.13074412404523,-0.161718213413565
1.97009559474331,0.387013556966658,-3.28034212903898,-0.149598004993751
2.25478745960142,0.284691864858106,-3.41955574795438,-0.139213618915405
2.4904755551051,0.235688095503687,-3.54975856315647,-0.130202815202089
2.69586215724309,0.205386602137983,-3.67206066535546,-0.12230210219899
2.87970847017266,0.18384631292958,-3.78737441012324,-0.115313744767773
3.04695161477217,0.167243144599502,-3.8964600852753,-0.109085675152062
3.20075125540895,0.153799640636786,1.19855672512687,5.09501681040217
3.34331555600949,0.14256430060054,1.87404934934759,0.675492624220714
3.47628448152784,0.132968925518352,2.22407501796722,0.35002566861963
3.6009289315758,0.12464445004796,2.48472080492373,0.260645786956515
3.71826430969173,0.117335378115928,2.70194286170988,0.217222056786152
3.82912044813459,0.110856138442862,2.89224716023361,0.190304298523727
3.93418740948621,0.105066961351619,3.06341820424634,0.171171044012733
4.03404700660436,0.0998595971181432,3.21982958392476,0.156411379678419
4.12919536218802,0.0951483555836623,3.36426248147267,0.144432897547912
-1.51600804105381,-5.64520340324183,3.49864951846785,0.134387036995178
-2.11628682998984,-0.600278788936028,3.62442124312377,0.12577172465592
-2.43615227990842,-0.31986544991858,3.74268534184522,0.118264098721449
-2.67500451484812,-0.238852234939698,3.85432785631973,0.111642514474508
-2.87421550730795,-0.199210992459833,3.96007476602082,0.105746909701091
-3.04903031958504,-0.174814812277094,4.06053186328125,0.100457097260429
-3.20668089138905,-0.15765057180401,4.1562119322024,0.0956800689211497
-3.35119855745657,-0.144517666067514,-1.6740900799615,-5.8303020121639
-3.48510894874711,-0.133910391290544,-2.23717306842865,-0.563082988467141
-3.61013903123465,-0.125030082487538,-2.54535166998106,-0.308178601552418
-3.72754959036059,-0.117410559125942,-2.77700984707577,-0.231658177094702
-3.8383070251836,-0.110757434823016,-2.97078392832842,-0.193774081252656
-3.94317940153565,-0.104872376352048,-3.14113907480825,-0.170355146479823
-4.04279394097625,-0.0996145394406019,-3.29499173479276,-0.153852659984516
-4.13767352463365,-0.094879583657397,-3.4362102231091,-0.14121848831634
-4.22826108507341,-0.0905875604397617,-3.56721939296783,-0.131009169858731
-4.31493662905274,-0.0866755439793271,0.769943956140262,4.33716334910809
-4.39802956037532,-0.0830929313225777,1.55282404077292,0.782880084632654
-4.47782787722693,-0.0797983168516081,1.94621677237126,0.393392731598347
-4.55458521328071,-0.0767573360537852,2.23646348579491,0.290246713423646
-4.62852634307125,-0.0739411297905435,2.47699264027548,0.240529154480573
-4.69985156310709,-0.0713252200358306,2.68658008411015,0.209587443834666
-4.76874023032925,-0.068888667222164,2.87406791715667,0.187487833046522
-4.83535365612581,-0.0666134257965568,3.04447512257322,0.170407205416551
-4.89983749890385,-0.0644838427780411,3.20103621247244,0.156561089899223
3.49006534535926,8.3899028442631,3.34602387770662,0.144987665234175
3.70695403387796,0.216888688518707,3.48113203745401,0.13510815974739
3.87111929270227,0.164165258824311,3.60767606079709,0.126544023343083
4.00700113748126,0.135881844778989,3.72670781407267,0.119031753275583
4.12521489444728,0.118213756966011,3.83908702976819,0.112379215695515
4.23128559700316,0.106070702555887,3.94552836472689,0.106441334958699
4.32842926578857,0.0971436687854105,4.04663395756724,0.101105592840348
-2.51406296747356,-6.84249223326213,-1.46118689192975,-5.50782084949698
-2.89204083824159,-0.377977870768036,-2.07348684219215,-0.612299950262399
-3.13096992660766,-0.238929088366062,-2.39976791114328,-0.326281068951133
-3.31605469343791,-0.185084766830253,-2.64396904806703,-0.244201136923749
-3.4722791190683,-0.156224425630396,-2.84794074655994,-0.203971698492907
-3.61024851353026,-0.137969394461956,-3.02702937771507,-0.179088631155137
-3.73538398957594,-0.125135476045677,-3.18851454154211,-0.161485163827038
-3.85080939033091,-0.115425400754973,-3.33647022148382,-0.147955679941708
1.21352759788079,5.0643369882117,0.515777892463404,3.85224811394722
1.88094775312705,0.66742015524626,1.36493157864588,0.849153686182479
2.22727263023738,0.346324877110332,1.7876450831509,0.422713504505013
2.48480930899601,0.257536678758631,2.09724357839631,0.309598495245416
2.69925270043316,0.214443391437152,2.35250339204654,0.255259813650224
2.88707014970646,0.1878174492733,2.57394001058125,0.22143661853471
3.05602431710701,0.168954167400547,2.77122770037613,0.197287689794889
3.21046307531517,0.154438758208166,2.94988622252462,0.178658522148486
3.3531396326233,0.14267655730813,3.1134897973105,0.163603574785875
-0.444489210132489,-3.79762884275579,-0.285416244671199,-3.39890604198169
-1.31625581359057,-0.871766603458079,-1.1952112956137,-0.909795050942497
-1.74476133775124,-0.428505524160674,-1.64741035784504,-0.452199062231339
-2.05669300884467,-0.311931671093425,-1.97586801135327,-0.328457653508234
-2.31310499099932,-0.256411982154657,-2.24507198154132,-0.269203970188048
-2.53518294567756,-0.222077954678235,-2.47747567555144,-0.232403694010128
-2.73285856192173,-0.197675616244168,-2.68367861650226,-0.206202940950815
-2.91176671301408,-0.178908151092351,0.0400983017508114,2.72377691825307
-3.07553873546586,-0.163772022451786,0.991365797136229,0.951267495385418
-3.22672302593929,-0.151184290473422,1.47971462456905,0.488348827432824
-3.36721403936555,-0.140491013426268,1.83217309908324,0.352458474514188
-3.4984775327457,-0.13126349338015,2.11899945534972,0.28682635626648
0.575244685979328,4.07372221872503,2.36507480348485,0.246075348135127
1.41376562030587,0.838520934326537,2.58224580288642,0.217170999401574
1.82653011621849,0.412764495912625,2.77732008510963,0.195074282223211
2.12817376761666,0.301643651398172,2.95471497793352,0.177394892823885
2.3768292040626,0.248655436445938,3.11753325807191,0.162818280138394
2.59271229342248,0.215883089359879,3.26807356063857,0.150540302566655
2.78529158001011,0.192579286587632,3.40810362616467,0.140030065526105
