bids_name	aor	aqi	dummy_trs	dvars_nstd	dvars_std	dvars_vstd	efc	fber	fd_mean	fd_num	fd_perc	fwhm_avg	fwhm_x	fwhm_y	fwhm_z	gcor	gsr_x	gsr_y	size_t	size_x	size_y	size_z	snr	spacing_tr	spacing_x	spacing_y	spacing_z	summary_bg_k	summary_bg_mad	summary_bg_mean	summary_bg_median	summary_bg_n	summary_bg_p05	summary_bg_p95	summary_bg_stdv	summary_fg_k	summary_fg_mad	summary_fg_mean	summary_fg_median	summary_fg_n	summary_fg_p05	summary_fg_p95	summary_fg_stdv	tsnr
sub-01_task-1_bold	0.0007887433155080215	0.005741104679144385	6	23.26128554158176	1.145688119624665	0.9709546368364611	0.5868	368.8902	0.11610483479201074	27	7.219251336898396	3.0497727419751333	3.03126	3.065573333333333	3.052484892592067	0.0152324	-0.017028387635946274	0.05306951701641083	374	70	70	38	2.43102112954334	2.4509999752044678	3.0	3.0	3.299999952316284	24.3194	104.3371	1504.5093	650.0	134526.0	575.0	6139.0	2227.5746	1.5824	4514.0264	13006.6937	12479.0	51674.0	5420.0	21958.0	5133.1842	60.4149736155523
sub-01_task-2_bold	0.0025833509234828495	0.004926033298153035	1	23.31929053190477	1.1980499441269838	1.0156544894973554	0.5875	366.6942	0.12176743384861761	48	12.664907651715039	3.0152126408814	3.0056233333333338	3.0048933333333334	3.035121255977533	0.0195003	-0.016051283106207848	0.05854855477809906	379	70	70	38	2.4245922420355	2.4509999752044678	3.0	3.0	3.299999952316284	21.9774	109.556	1517.5751	655.0	134499.0	576.0	6198.0	2216.1096	1.4975	4574.0827	13090.7144	12552.0	51701.0	5400.0	22130.0	5176.9029	62.27191770449281
sub-02_task-1_bold	0.00345467018469657	0.022919526833773088	1	21.887171790793655	1.0215118112962955	0.9262078782804232	0.5813	307.1556	0.0688621202820853	3	0.7915567282321899	2.483922637935927	2.4065166666666666	2.6216633333333332	2.423587913807781	0.00463566	-0.014132486656308174	0.031105725094676018	379	70	70	38	2.8045212125684804	2.4509999752044678	3.0	3.0	3.299999952316284	72.3988	77.8346	1135.6093	597.0	138561.0	540.0	3722.0	1507.4173	0.7174	3455.7141	10508.2947	10461.0	47639.0	4205.0	16552.0	3730.0093	33.25131008774042
sub-02_task-2_bold	0.0018132189973614776	0.013800732506596306	1	24.788015860238094	1.069196267936508	0.9318493827777781	0.5762	313.2231	0.11213174977111139	46	12.137203166226913	2.4569303147590085	2.398823333333333	2.5368766666666667	2.4350909442770257	0.00789532	-0.010652372613549232	0.034528881311416626	379	70	70	38	2.7581726250052565	2.4509999752044678	3.0	3.0	3.299999952316284	74.5665	75.9921	1112.0118	598.0	139221.0	542.0	3622.0	1421.5295	0.7704	3503.8495	10603.5611	10578.0	46979.0	4023.0	16780.0	3835.1071	39.81955601181835
sub-03_task-1_bold	0.006450263852242745	0.021809239445910285	1	31.336068763968267	1.1194970219312168	0.9518096688095237	0.5623	436.0248	0.24496435321745388	136	35.88390501319261	3.0136455695877333	2.897213333333333	3.23039	2.913333375429867	0.00847483	-0.01772303879261017	0.06502843648195267	379	70	70	38	2.7473892925694616	2.4509999752044678	3.0	3.0	3.299999952316284	45.7837	43.8169	1083.4769	574.0	137901.0	542.0	3637.0	1438.9054	0.6482	3980.8738	11973.083	11986.0	48299.0	3985.0	18872.0	4362.642	36.573637374676764
sub-03_task-2_bold	0.013510684210526315	0.056489436842105265	0	44.58080039124013	1.0205210228496047	0.9229350960686019	0.565	433.4722	0.48436192302672887	258	67.89473684210526	3.335668702859298	3.0623	3.6247666666666665	3.319939441911227	0.00888584	-0.018037810921669006	0.0637446790933609	380	70	70	38	2.822967415106405	2.4509999752044678	3.0	3.0	3.299999952316284	34.5139	48.243	1088.3429	579.0	137966.0	544.0	3646.0	1377.3274	0.4635	3997.467	12006.6081	12047.0	48234.0	4285.0	18730.0	4267.451	19.708102125034202
sub-04_task-1_bold	0.00940169312169312	0.021799344735449738	2	31.739030898673715	1.2091725384880636	1.0162651667639258	0.5559	372.7654	0.19472098653659614	143	37.83068783068783	2.579183143316131	2.618583333333333	2.6269266666666664	2.492039429948394	0.00676041	-0.0014640229055657983	0.02843121811747551	378	70	70	38	2.846547160415294	2.4509999752044678	3.0	3.0	3.299999952316284	27.876	60.4807	978.5449	586.0	140761.0	542.0	2768.0	1111.9438	0.2693	3549.7783	11142.2764	11306.0	45439.0	3599.0	17466.0	3971.7858	33.00832220795564
sub-04_task-2_bold	0.000857578947368421	0.010977977	0	31.815420960817963	1.1869703599472297	0.9474559249340371	0.5567	369.0075	0.18602188078702436	117	30.789473684210527	2.58197364828404	2.64162	2.62941	2.47489094485212	0.0120621	-0.001622874871827662	0.030199019238352776	380	70	70	38	2.7900382851470997	2.4509999752044678	3.0	3.0	3.299999952316284	28.1239	57.9775	988.6985	585.0	140563.0	543.0	2854.0	1134.6891	0.293	3560.5402	11080.5963	11246.0	45637.0	3385.0	17565.0	4030.7249	42.58026428287849
sub-05_task-1_bold	0.006918947368421052	0.036183929342105264	0	27.739998276332443	0.9872541414775727	0.8372711364379954	0.5503	483.3019	0.1461569557014762	77	20.263157894736842	2.680643144276709	2.5608633333333333	2.789593333333333	2.691472766163461	0.00613405	-0.00956342089921236	0.03426450863480568	380	70	70	38	2.7984804239592114	2.4509999752044678	3.0	3.0	3.299999952316284	35.8032	45.393	980.1686	568.0	138198.0	534.0	3034.0	1195.6401	0.2659	4175.199	12563.2019	12488.0	48002.0	4771.0	19947.0	4462.3753	26.672151697799563
sub-05_task-2_bold	0.0030245092838196283	0.03677508190981432	3	28.671799801223404	0.9771785451595744	0.8472910202925532	0.5509	482.1298	0.17798434196558596	114	30.23872679045093	2.726174255817135	2.60397	2.793946666666667	2.7806061007847367	0.00855198	-0.010335437953472137	0.035808417946100235	377	70	70	38	2.7486514050889914	2.4509999752044678	3.0	3.0	3.299999952316284	33.4626	47.4629	991.7517	572.0	137915.0	537.0	3090.0	1187.4149	0.2832	4286.8517	12660.5652	12570.0	48285.0	4708.0	20240.0	4573.1044	26.319543028715998
sub-06_task-1_bold	0.006299182058047494	0.03734156419525066	1	22.806541932460316	0.9429096193650787	0.826129781455027	0.5668	545.4547	0.09677029711257194	26	6.860158311345646	3.068132943840696	2.9991800000000004	3.18484	3.0203788315220867	0.00366496	-0.003245135536417365	0.031088029965758324	379	70	70	38	2.860264705657275	2.4509999752044678	3.0	3.0	3.299999952316284	44.4469	59.6933	1091.6462	587.0	133070.0	542.0	3590.0	1495.6607	0.3863	4480.3848	14004.9264	13700.0	53130.0	6117.0	22127.0	4789.7214	26.98888600920327
sub-06_task-2_bold	0.0034397894736842103	0.010870112421052631	0	26.015722717678116	1.1975148463324539	0.975339804934037	0.5662	546.6912	0.153043185651909	73	19.210526315789473	2.855861730569309	2.8715233333333336	2.9144799999999997	2.7815818583745937	0.0178958	-0.003848990425467491	0.029304342344403267	380	70	70	38	2.77512086411644	2.4509999752044678	3.0	3.0	3.299999952316284	55.4274	57.2674	1107.104	587.0	132792.0	544.0	3706.0	1575.2299	0.5947	4524.86	14022.0002	13729.0	53408.0	5758.0	22361.0	4947.1256	47.05408703885041
sub-07_task-1_bold	0.0074875925925925926	0.024631566243386242	2	21.19653638037133	1.0492017822281163	0.9432851103978783	0.5391	424.6803	0.08786334503144481	14	3.7037037037037037	2.6438265779620296	2.703086666666667	2.673556666666667	2.5548364005527557	0.00330465	-0.005567347165197134	0.032843656837940216	378	70	70	38	2.715078922785108	2.4509999752044678	3.0	3.0	3.299999952316284	66.6984	37.6533	938.6013	552.0	142493.0	524.0	2802.0	1226.3221	0.321	3611.341	11283.2169	11374.0	43707.0	2921.0	17952.0	4189.1489	31.50685302936472
sub-07_task-2_bold	0.005870079155672823	0.03177363340369393	1	23.486285264947085	1.0074546791005288	0.8861188057407402	0.5376	425.1132	0.10232455198870148	33	8.70712401055409	2.6498251639532744	2.705103333333333	2.661993333333333	2.582378825193157	0.00569759	-0.006344060879200697	0.033248305320739746	379	70	70	38	2.6759826395881743	2.4509999752044678	3.0	3.0	3.299999952316284	64.0325	40.1632	950.2307	556.0	142833.0	526.0	2850.0	1234.9436	0.3046	3718.1043	11388.5055	11472.0	43367.0	3006.0	18286.0	4286.9739	31.148512554354966
sub-08_task-1_bold	0.004312078947368422	0.00931861352631579	0	24.111496593192616	1.0882589531398414	0.9553113302638518	0.5906	382.6685	0.14144863774867972	69	18.157894736842106	3.153079509666497	3.216836666666667	3.1868866666666666	3.055515195666157	0.0278382	0.014905238524079323	0.03696270287036896	380	70	70	38	2.534647645793354	2.4509999752044678	3.0	3.0	3.299999952316284	24.8081	102.1026	1358.1063	644.0	131546.0	570.0	5209.0	1879.6328	0.0702	4830.8414	12829.7745	12590.0	54654.0	4449.0	21241.0	4967.1144	46.24585998686962
sub-08_task-2_bold	0.007103947368421053	0.012345697315789472	0	34.78273420390499	1.2361597727704488	1.0334792912664903	0.5911	366.4649	0.3055537712523667	234	61.578947368421055	3.132606277113019	3.2084499999999996	3.1816566666666666	3.0077121646723914	0.0388898	0.015828918665647507	0.039326831698417664	380	70	70	38	2.527373848718177	2.4509999752044678	3.0	3.0	3.299999952316284	26.8868	101.1836	1360.2776	644.0	131926.0	571.0	5183.0	1905.392	0.0616	4727.8266	12560.2981	12329.5	54274.0	4353.0	20859.0	4878.339	39.6449568439275
sub-09_task-1_bold	0.0004988947368421053	0.007982493657894737	0	19.383603841108187	1.0360471772559356	0.927864626596306	0.5672	439.0885	0.10222793377447034	27	7.105263157894737	2.9818244582369187	2.920553333333333	3.161353333333333	2.863566708044091	0.0197535	-0.026568513363599777	0.06167174503207207	380	70	70	38	2.439383287828965	2.4509999752044678	3.0	3.0	3.299999952316284	60.7762	57.4117	1252.633	610.0	134996.0	568.0	4458.0	1849.594	0.4178	4709.6807	12921.8822	12782.0	51204.0	3482.0	21688.0	5239.7978	52.73832195508294
sub-09_task-2_bold	0.0046529473684210525	0.03499160144736842	0	23.2579072808971	0.9828158683641165	0.8808351328496044	0.5652	443.774	0.14313989300915986	75	19.736842105263158	3.298820015673011	3.2067599999999996	3.4357	3.2540000470190344	0.0143893	-0.02741130255162716	0.062437865883111954	380	70	70	38	2.458722915324159	2.4509999752044678	3.0	3.0	3.299999952316284	62.2003	66.44	1297.419	619.0	136126.0	570.0	4566.0	1958.5427	0.282	4871.8606	13189.9279	13036.0	50074.0	3828.0	22190.0	5301.8865	26.826680446974933
sub-10_task-1_bold	0.000941292875989446	0.008734965237467017	1	17.03584470695766	0.9831039313492059	0.9097330974867727	0.5523	467.1699	0.056942388125979425	1	0.2638522427440633	2.7373573866534575	2.736143333333333	2.7943166666666666	2.6816121599603737	0.00611097	-0.011998713947832584	0.04687599092721939	379	70	70	38	2.4043761561126558	2.4509999752044678	3.0	3.0	3.299999952316284	59.9097	51.1595	1050.6363	575.0	135487.0	537.0	3259.0	1491.087	0.8807	4388.1276	12966.837	12430.0	50713.0	4914.0	22681.0	5169.6892	52.56993231922388
sub-10_task-2_bold	0.00040148148148148145	0.005144468701058202	2	16.67805151339523	1.0073858673740053	0.9299937266047758	0.5548	464.3731	0.05630707833141474	0	0.0	2.739063548249303	2.7312733333333337	2.8085233333333335	2.6773939780812404	0.00621243	-0.01318677794188261	0.04874172434210777	378	70	70	38	2.398939260084093	2.4509999752044678	3.0	3.0	3.299999952316284	57.849	55.0288	1086.084	581.0	135268.0	541.0	3480.0	1558.9999	0.893	4413.2797	13059.3741	12516.0	50932.0	4928.0	22874.0	5217.2547	65.01795534836128
sub-11_task-1_bold	0.0011850789473684211	0.01529528810526316	0	17.831090652744074	0.978245016332454	0.8862711385751977	0.5841	412.3686	0.06892530783441006	9	2.3684210526315788	2.9482671171242685	3.0156266666666665	2.995556666666667	2.833618018039471	0.0109498	0.010546691715717316	0.023466946557164192	380	70	70	38	2.785284668420328	2.4509999752044678	3.0	3.0	3.3000001907348633	21.9702	58.2818	1256.5098	575.0	135229.0	532.0	5144.0	1838.174	0.487	3726.0168	11649.801	11680.0	50971.0	3612.0	18348.0	4193.4261	49.44289310509339
sub-11_task-2_bold	0.003156789473684211	0.01875026057894737	0	19.278332438575195	1.041893814353561	0.9284094642216356	0.5844	406.5406	0.09686989910059031	33	8.68421052631579	2.9631584287118375	3.009313333333333	2.966416666666667	2.9137452861355126	0.0118761	0.009662246331572533	0.022633103653788567	380	70	70	38	2.7651102109950307	2.4509999752044678	3.0	3.0	3.3000001907348633	24.1072	62.0234	1278.512	580.0	135439.0	534.0	5268.0	1878.643	0.4697	3793.2856	11704.2226	11689.0	50761.0	3762.0	18514.0	4227.2763	43.07853212323971
sub-12_task-1_bold	0.0049349473684210535	0.018467551657894737	0	16.953954459868083	0.9295351206860157	0.9363852215303432	0.5676	343.939	0.08657061951833654	28	7.368421052631579	2.9284424379197542	2.9108699999999996	3.034796666666667	2.839660647092597	0.00700035	0.0020981980487704277	0.024213626980781555	380	70	70	38	2.6353548085518095	2.4509999752044678	3.0	3.0	3.299999952316284	32.5872	89.1318	1172.0575	622.0	139829.0	557.0	4020.0	1480.992	0.1479	4268.0889	11563.538	11544.0	46371.0	4061.0	18734.0	4380.3876	40.09614889626391
sub-12_task-2_bold	0.0043915000000000004	0.00790828455263158	0	20.46062199	1.0619046246174142	0.9969076671240099	0.5634	349.669	0.12572977281861852	61	16.05263157894737	2.8876609226650634	2.87331	2.9714333333333336	2.8182394346618573	0.019075	0.003306604688987136	0.0257562268525362	380	70	70	38	2.5756831364719828	2.4509999752044678	3.0	3.0	3.299999952316284	33.1666	85.9441	1151.4614	621.0	139972.0	558.0	3950.0	1441.01	0.1489	4344.2887	11600.985	11610.5	46228.0	3687.0	18895.0	4507.6874	52.54537339811213
sub-13_task-1_bold	0.004798126649076517	0.01832550899736148	1	21.99842070044972	1.0731615891005288	0.9379372335714284	0.539	490.0342	0.11414275672339741	33	8.70712401055409	2.68206900241282	2.6872666666666665	2.7608433333333333	2.59809700723846	0.0080229	-0.0039642066694796085	0.024736277759075165	379	70	70	38	2.8431882931469805	2.4509999752044678	3.0	3.0	3.299999952316284	81.6878	33.7047	921.7659	563.0	140087.0	537.0	2717.0	1187.0558	0.5536	3844.5352	12449.0744	12455.0	46113.0	4078.0	19442.0	4380.598	40.27338728075847
sub-13_task-2_bold	0.002291398416886543	0.007862597994722956	1	23.684467426534386	1.1747785442063494	0.9976397656084657	0.5373	487.0582	0.13648417250918665	66	17.41424802110818	2.658042840709085	2.6719933333333334	2.72222	2.579915188793922	0.0145241	-0.004199882037937641	0.026668107137084007	379	70	70	38	2.782217333026654	2.4509999752044678	3.0	3.0	3.299999952316284	90.4537	33.3605	921.891	565.0	140196.0	539.0	2731.0	1184.7821	0.5916	3950.0389	12491.9812	12460.0	46004.0	4111.0	19711.0	4478.3937	53.12423089402728
sub-14_task-1_bold	0.004999473684210526	0.011028938421052632	0	19.942460985963056	1.0610166119525068	0.9417433667018469	0.5559	439.2318	0.10728261669896887	23	6.052631578947368	2.9581697108723533	2.8867966666666667	3.10127	2.8864424659503944	0.00542776	-0.017265722155570984	0.04073551297187805	380	70	70	38	2.62041118337538	2.4509999752044678	3.0	3.0	3.299999952316284	60.5571	52.8625	1129.6369	588.0	138663.0	549.0	3689.0	1634.6818	0.5126	4279.3764	12363.6025	12316.0	47537.0	3674.0	19967.0	4699.9763	50.34807874588296
sub-14_task-2_bold	0.002262263157894737	0.005599949157894736	0	22.778204447519794	1.1564922624538259	0.9707579900791558	0.5551	439.8451	0.11597480960779996	34	8.947368421052632	2.882414761001948	2.8309766666666665	3.0077766666666665	2.8084909496725103	0.00905408	-0.01696001924574375	0.04115411639213562	380	70	70	38	2.624321984025731	2.4509999752044678	3.0	3.0	3.299999952316284	59.4919	52.2656	1133.1062	589.0	139028.0	551.0	3748.0	1623.3432	0.5657	4290.1513	12423.9806	12362.0	47172.0	3820.0	20031.0	4710.5001	60.364910988137126
sub-15_task-1_bold	0.005929920844327177	0.007494310422163589	1	17.81812970613755	1.0597254405555547	0.9815145042063489	0.5706	436.7441	0.04675124523845328	2	0.5277044854881267	2.793120215452531	2.77417	2.8163966666666664	2.788793979690927	0.00484361	-0.007942273281514645	0.049246277660131454	379	70	70	38	2.773902307997009	2.4509999752044678	3.0	3.0	3.299999952316284	48.402	51.8676	1128.2277	566.0	135369.0	528.0	3849.0	1728.4976	1.0038	3756.4362	12297.9016	11825.0	50831.0	6117.0	19892.0	4262.9056	54.63597565703094
sub-15_task-2_bold	0.003091134564643799	0.006091419525065963	1	17.635143333042336	1.072267682010582	0.9528977399735444	0.5693	436.2144	0.04324118567827075	2	0.5277044854881267	2.7512670838771904	2.7328233333333336	2.7866233333333335	2.734354584964905	0.00477509	-0.006527343299239874	0.04327523708343506	379	70	70	38	2.730847698232006	2.4509999752044678	3.0	3.0	3.299999952316284	42.5824	55.2279	1108.8326	572.0	135334.0	532.0	3796.0	1580.3283	1.0042	3802.47	12436.414	11949.0	50866.0	6066.0	20332.0	4375.5214	60.86993168632034
sub-16_task-1_bold	0.005481210526315789	0.04579178497368421	0	46.79647915213721	1.089666772744064	0.9189140154617411	0.5609	299.5049	0.3168337481069104	225	59.21052631578947	3.792075776248158	3.6574333333333335	3.8420666666666663	3.876727328744474	0.0115025	-0.0261049997061491	0.03324006497859955	380	70	70	38	2.108375368352191	2.4509999752044678	3.0	3.0	3.299999952316284	84.8175	166.3362	1388.7857	706.0	137289.0	589.0	4131.0	2229.072	0.9575	5284.1854	12857.9321	12224.0	48911.0	4432.0	23542.0	5797.7698	21.059753134846687
sub-16_task-2_bold	0.012911999999999996	0.050177544000000004	0	48.528487449525066	1.1440436418469657	0.9815420019261215	0.5577	303.6843	0.4677226203294847	291	76.57894736842105	3.867621230483602	3.9756	3.8148999999999997	3.812363691450808	0.0102584	-0.022685840725898743	0.030606402084231377	380	70	70	38	2.1026190857662925	2.4509999752044678	3.0	3.0	3.299999952316284	90.5883	172.5905	1390.4582	717.0	137941.0	595.0	4138.0	2186.152	0.7278	5456.8318	13064.5491	12499.0	48259.0	3954.0	23911.0	5944.4293	19.55594788736198
sub-17_task-1_bold	0.0016649076517150395	0.005023168891820581	1	24.00021787907408	1.1443487201058204	0.9848478134656081	0.5387	553.6077	0.19185534217980105	155	40.89709762532981	2.460616375401923	2.4282266666666668	2.51088	2.4427424595391023	0.00707652	-0.01297271903604269	0.013347694650292397	379	70	70	38	2.7703038826994626	2.4509999752044678	3.0	3.0	3.299999952316284	37.2965	45.6633	907.1412	490.0	140480.0	457.0	2864.0	1300.5396	1.0845	3439.3715	11678.4061	11532.0	45720.0	4723.5	18787.5	4162.6747	63.688618490472436
sub-17_task-2_bold	0.002346490765171504	0.005768147625329816	1	21.890558086560848	1.1177671400793654	0.9782730892857141	0.5422	542.645	0.13908348114899244	78	20.58047493403694	2.4543927389816558	2.4218066666666664	2.5103866666666668	2.430984883611634	0.00604361	-0.014110093005001545	0.013861289247870445	379	70	70	38	2.7775755229435806	2.4509999752044678	3.0	3.0	3.299999952316284	36.1179	48.5269	921.6755	494.0	139998.0	459.0	2936.0	1322.2883	1.0408	3456.3642	11644.1864	11497.5	46202.0	4751.0	18772.0	4139.3566	61.19523840374313
sub-18_task-1_bold	0.005870947368421053	0.016180468342105264	0	21.03132636963059	0.9294753496042211	0.8860082167282327	0.5562	392.4799	0.15835442327461455	88	23.157894736842106	3.321493248114906	3.307676666666667	3.3781666666666665	3.2786364110113837	0.00762136	-0.028412191197276115	0.00454689422622323	380	70	70	38	1.9464581870506188	2.4509999752044678	3.0	3.0	3.299999952316284	51.292	140.4531	1794.7515	687.0	136613.0	586.0	6754.0	3490.1434	1.6187	5611.4814	14786.8294	13600.0	49587.0	5278.0	28835.0	6986.9792	32.74566906457767
sub-18_task-2_bold	0.0026986015831134565	0.015748844274406332	1	28.938972183174613	0.9876760064814822	0.8983944828042334	0.5591	392.9855	0.2718437033878435	188	49.6042216358839	3.2269165811158977	3.2104533333333336	3.26066	3.2096364100143604	0.00958353	-0.02920515462756157	0.004931977484375238	379	70	70	38	2.0326327671869686	2.4509999752044678	3.0	3.0	3.299999952316284	49.0937	140.8393	1802.4939	686.0	136826.0	585.0	6772.0	3520.401	1.4806	5431.6522	14665.837	13603.0	49374.0	5406.0	27994.0	6692.238	32.473034458234906
sub-19_task-1_bold	0.007788210526315787	0.026430769842105264	0	26.494324198654358	1.008882559788918	0.8842255986807401	0.5437	342.9774	0.13850515140628417	67	17.63157894736842	2.9207489025461797	2.9839366666666667	2.94281	2.8355000409718722	0.0128509	6.396890967153013e-05	0.02557176537811756	380	70	70	38	2.5690074686441675	2.4509999752044678	3.0	3.0	3.299999952316284	43.5841	47.4549	985.0197	577.0	144509.0	542.0	2989.0	1174.8166	-0.063	3946.2455	10633.5102	10694.0	41691.0	2642.0	17217.0	4162.6472	32.421830205246806
sub-19_task-2_bold	0.001412315789473684	0.007569061789473685	0	25.240125369419513	1.15320907343008	0.9713493311609501	0.5418	341.6926	0.1295802385320822	55	14.473684210526315	2.836624861817286	2.9091966666666664	2.8326233333333337	2.768054585451857	0.024898	-0.0001834687718655914	0.026822689920663834	380	70	70	38	2.502546699884447	2.4509999752044678	3.0	3.0	3.299999952316284	59.2873	48.4577	990.838	579.0	144630.0	544.0	3040.0	1194.3738	-0.0655	4085.2905	10685.0692	10705.0	41570.0	2644.0	17616.0	4277.591	49.84929395839572
sub-20_task-1_bold	0.004505672823218998	0.004427690052770448	1	22.493384936507947	1.196171262037037	1.0245238721428567	0.5535	485.4117	0.15432253070697816	80	21.108179419525065	2.7727164778185984	2.68151	2.901866666666667	2.734772766789129	0.0231652	-0.00866545271128416	0.02891763485968113	379	70	70	38	2.6378288047166256	2.4509999752044678	3.0	3.0	3.299999952316284	63.3849	45.4717	983.9254	567.0	135677.0	533.0	2979.0	1311.1836	0.6904	4197.0138	12727.1369	12485.0	50523.0	4843.0	20938.0	4733.0124	65.32780887046829
sub-20_task-2_bold	0.006768921052631579	0.004186174394736842	0	25.26521550129287	1.2207513205804743	1.045048455408972	0.5548	480.4522	0.19802687237858968	113	29.736842105263158	2.735798093843352	2.6479733333333333	2.853063333333333	2.70635761486339	0.0225602	-0.00834310706704855	0.028030939400196075	380	70	70	38	2.616601181078984	2.4509999752044678	3.0	3.0	3.299999952316284	51.3145	46.1245	985.6876	569.0	135307.0	534.0	3008.0	1273.4499	0.6662	4206.3235	12718.7988	12475.0	50893.0	4726.0	20986.0	4767.5884	62.187285830732435
sub-21_task-1_bold	0.002318956743002545	0.01362565435114504	1	18.266774535408164	0.9693363285714284	0.9024441383418368	0.5663	536.8206	0.10185554474812787	19	4.8346055979643765	2.828328296249009	2.7844433333333334	2.914156666666667	2.7863848887470257	0.00287893	-0.023339061066508293	0.04771776869893074	393	70	70	38	2.4860705282954223	2.4509999752044678	3.0	3.0	3.299999952316284	61.4183	39.2644	1145.5854	570.0	131297.0	541.0	3877.0	1884.702	0.855	4656.5901	13919.0028	13202.0	54903.0	6322.0	23817.0	5310.34	40.48785213660449
sub-21_task-2_bold	0.0029597201017811706	0.006059605292620865	1	17.9313071140306	1.061142559566326	0.9567198119897954	0.5662	533.4293	0.08503835464689892	15	3.816793893129771	2.8149283973859305	2.7434133333333333	2.8886566666666664	2.8127151921577913	0.00475375	-0.02309679239988327	0.0479382649064064	393	70	70	38	2.4319780271102895	2.4509999752044678	3.0	3.0	3.299999952316284	53.9465	40.5018	1159.4239	573.0	131218.0	543.0	4090.0	1867.2017	0.8926	4737.5403	13953.0538	13229.0	54982.0	6131.0	24105.0	5439.5556	56.3101489408873
sub-22_task-1_bold	0.00296468085106383	0.010843033829787234	4	18.769171267173334	0.9672267939466668	0.8994665627199996	0.551	410.7527	0.07763707711444084	6	1.5957446808510638	2.714526982770934	2.6903566666666667	2.7388333333333335	2.714390948312802	0.0030168	-0.007745794951915741	0.029895395040512085	376	70	70	38	2.475283544845263	2.4509999752044678	3.0	3.0	3.299999952316284	37.3115	47.8022	1077.8471	579.0	139622.0	543.0	3702.0	1455.874	0.345	4206.1172	11749.2982	11727.0	46578.0	2991.0	19722.0	4737.5882	42.26031160145067
sub-22_task-2_bold	0.0019931481481481484	0.01024738656084656	2	18.08953407904509	1.0061269206100794	0.9178556334748009	0.5454	407.8114	0.07227126501328426	2	0.5291005291005291	2.772823649609551	2.77713	2.79125	2.750090948828653	0.00358469	-0.00694401515647769	0.027838651090860367	378	70	70	38	2.401448159875805	2.4509999752044678	3.0	3.0	3.299999952316284	38.147	47.3531	1074.2329	580.0	140643.0	544.0	3696.0	1449.9116	0.341	4309.3991	11797.387	11716.0	45557.0	2818.0	20037.0	4878.6693	44.63887438643724
sub-23_task-1_bold	0.003546263157894737	0.007544763947368421	0	32.320179252110826	1.3803105995250653	0.9780779093667555	0.527	583.3005	0.08507410607677574	21	5.526315789473684	3.5394192088080136	3.4340666666666664	3.677766666666667	3.5064242930907086	0.0075369	-0.010664820671081543	0.02771395817399025	380	70	70	38	2.0402168126747813	2.4509999752044678	3.0	3.0	3.299999952316284	46.7555	35.282	769.6974	433.0	135779.0	407.0	2563.0	1001.9406	-0.0421	5210.4766	11089.8155	10469.0	50421.0	3733.0	20535.0	5131.2665	46.61834868043661
sub-23_task-2_bold	0.002560633245382586	0.006955378153034301	1	32.074420338677264	1.2606884482275136	0.9357919661375665	0.528	577.9972	0.09667118784431554	31	8.179419525065963	3.5422050675612837	3.429866666666667	3.6555666666666666	3.541181869350518	0.0135457	-0.011430603452026844	0.028903912752866745	379	70	70	38	2.021593282548977	2.4509999752044678	3.0	3.0	3.299999952316284	47.9567	37.1041	786.2428	436.0	135671.0	409.0	2675.0	1035.7699	-0.0079	5258.806	11123.9367	10482.0	50529.0	3738.0	20685.0	5184.9679	49.150218814611435
sub-24_task-1_bold	0.0011494986807387864	0.009123510897097625	1	27.15718070584654	1.0792134543650802	0.9429970341798946	0.5869	336.8012	0.19774430947228844	138	36.41160949868074	3.0155298122966627	2.954126666666667	3.1200233333333336	2.972439436889987	0.0137537	-0.011416631750762463	0.05841889977455139	379	70	70	38	2.2790266965359955	2.4509999752044678	3.0	3.0	3.299999952316284	43.4999	96.4278	1279.2872	647.0	130643.0	578.0	4341.0	1675.1014	0.9626	4743.2238	12298.1721	11883.0	55557.0	4210.0	21585.0	5214.021	41.5488258395344
sub-24_task-2_bold	0.004423984168865436	0.014918303799472295	1	27.672228606349215	1.062269251507937	0.9320112273280422	0.5857	336.6992	0.20185018269409946	146	38.522427440633244	3.073969509574983	3.0488433333333336	3.1365499999999997	3.0365151953916145	0.0106503	-0.011099777184426785	0.05815064534544945	379	70	70	38	2.278974066400713	2.4509999752044678	3.0	3.0	3.299999952316284	43.8033	101.5132	1278.7081	652.0	130994.0	579.0	4357.0	1643.1637	0.7689	4826.167	12381.0657	11964.0	55206.0	4181.0	21784.0	5249.6831	35.12048815388698
sub-25_task-1_bold	0.005798947368421053	0.014622517815789474	0	18.312328821635887	0.9826255180474939	0.9250474780474943	0.5561	377.0558	0.07612837286637243	6	1.5789473684210527	2.766736982359923	2.76573	2.9054233333333332	2.6290576137464354	0.0077569	-0.009465164504945278	0.04246700182557106	380	70	70	38	2.5199116825164456	2.4509999752044678	3.0	3.0	3.299999952316284	39.7712	60.2638	1029.3282	586.0	138898.0	541.0	3267.0	1245.238	0.1084	4102.1736	11271.365	11370.0	47302.0	2423.0	18386.0	4512.0152	41.396922916173935
sub-25_task-2_bold	0.0057391292875989455	0.011009289999999998	1	18.35284977851853	1.0158103157936502	0.9688101218253977	0.5567	378.3098	0.09087212595490393	26	6.860158311345646	2.7259215276084667	2.7317	2.859776666666667	2.586287916158733	0.00526058	-0.010738115757703781	0.04149126261472702	379	70	70	38	2.56017758516214	2.4509999752044678	3.0	3.0	3.299999952316284	35.4683	63.8536	1059.2716	591.0	139594.0	544.0	3415.0	1298.9295	0.1207	4098.892	11421.7219	11486.0	46606.0	2689.0	18537.0	4486.3594	45.62759098794777
sub-26_task-1_bold	0.010000343915343915	0.012592942724867722	2	20.28412144241379	1.1379925650397877	0.98471088718833	0.5577	437.5123	0.09079138177557759	37	9.788359788359788	2.8000791041066946	2.8445733333333334	2.8156033333333332	2.740060645653416	0.00656136	-0.008730563335120678	0.03628893196582794	378	70	70	38	2.736842971513	2.4509999752044678	3.0	3.0	3.299999952316284	66.7734	50.1614	1025.4791	568.0	137550.0	530.0	3294.0	1414.8976	0.3805	3873.1427	11935.7862	11887.5	48650.0	3744.0	18999.0	4343.4636	46.69984228746034
sub-26_task-2_bold	0.005896447368421052	0.010000264	0	21.889802927757255	1.1760486213456451	1.0126895619525065	0.5577	435.8006	0.15833920619732916	101	26.57894736842105	2.8509674880822615	2.91393	2.8704300000000003	2.768542464246785	0.0092687	-0.009616129100322723	0.03979344666004181	380	70	70	38	2.702089855497358	2.4509999752044678	3.0	3.0	3.299999952316284	64.9414	55.5507	1062.488	575.0	137921.0	533.0	3467.0	1491.9046	0.3821	3957.5228	12064.5869	11996.0	48279.0	3852.0	19376.0	4439.4807	48.25016626436263
sub-27_task-1_bold	0.0007210026385224274	0.006832898100263852	1	21.56274710515873	1.0807474514021165	0.9358493677248682	0.5409	509.2472	0.079962986443944	10	2.638522427440633	2.6146802135524077	2.639553333333333	2.8101933333333338	2.3942939739905555	0.0107873	-0.007040389813482761	0.03394874185323715	379	70	70	38	2.6560560713125434	2.4509999752044678	3.0	3.0	3.299999952316284	26.5337	34.9213	1021.6202	572.0	139965.0	545.0	3376.0	1308.1634	0.5614	4443.7411	13038.2434	12909.0	46235.0	4467.0	20974.0	4860.1611	57.6655356567353
sub-27_task-2_bold	0.0003980789473684211	0.005182439078947368	0	22.778961229525056	1.1039793503957782	0.942771748680739	0.5438	504.9874	0.08652037467196326	14	3.6842105263157894	2.5755702133627962	2.5950633333333335	2.7767199999999996	2.354927306755056	0.0128715	-0.008419651538133621	0.03584332764148712	380	70	70	38	2.6409299641838926	2.4509999752044678	3.0	3.0	3.299999952316284	24.2406	36.9245	1031.2471	575.0	139266.0	547.0	3438.0	1297.0199	0.5976	4471.2279	13093.1137	12925.0	46934.0	4636.0	21113.0	4894.0572	63.8766681997804
sub-28_task-1_bold	0.0023856728232189975	0.008585639604221635	1	19.921852954550264	1.1390867167724867	0.9935420332804241	0.5735	462.1507	0.11988602681531102	34	8.970976253298153	3.0143599128681227	2.9603133333333336	3.2013966666666662	2.8813697386043686	0.00612842	-0.018533609807491302	0.06514772772789001	379	70	70	38	2.456643531099507	2.4509999752044678	3.0	3.0	3.299999952316284	25.3812	63.7558	1345.1865	627.0	133738.0	581.0	5257.0	1909.6021	0.1187	5338.9157	13863.3471	13478.5	52462.0	5205.0	23480.0	5486.4987	51.41798097942956
sub-28_task-2_bold	0.01668228947368421	0.03205922957894737	0	18.43662515081795	0.9296620183641163	0.8709617826649082	0.5759	458.183	0.0952426369513561	15	3.9473684210526314	3.2790943587170696	3.20968	3.4546333333333332	3.1729697428178754	0.00325323	-0.02214997075498104	0.072478748857975	380	70	70	38	2.4641180016053794	2.4509999752044678	3.0	3.0	3.299999952316284	24.8917	76.4008	1418.7503	638.0	134195.0	583.0	5589.0	2028.6648	0.0046	5504.5517	14062.813	13651.0	52005.0	5477.0	23786.0	5539.86	32.009054236114025
sub-29_task-1_bold	0.001812910052910053	0.007350055846560847	2	20.12127711846154	1.0485123815119362	0.9601184715915115	0.6107	303.5867	0.10371104525468418	24	6.349206349206349	2.7832674879814356	2.7324966666666666	2.8696966666666666	2.7476091306109733	0.00713814	-0.019892210140824318	0.07570420205593109	378	70	70	38	2.4613209873525164	2.4509999752044678	3.0	3.0	3.299999952316284	36.2409	128.0098	1373.3533	659.0	127679.0	568.0	4769.0	1831.2255	0.8997	4131.2465	11860.7721	11487.0	58521.0	4669.0	20130.0	4666.9662	54.499555255519226
sub-29_task-2_bold	0.0009310079575596815	0.009219028700265253	3	20.17875917164893	1.0394327142819144	0.9562558887500003	0.6114	300.1546	0.12494149830678027	52	13.793103448275861	2.771913952600796	2.7265333333333337	2.8472266666666664	2.7419818578023887	0.00938817	-0.02032773196697235	0.07647022604942322	377	70	70	38	2.466495364224652	2.4509999752044678	3.0	3.0	3.299999952316284	34.8154	129.9735	1373.5072	662.0	127749.0	570.0	4750.0	1805.4601	0.8359	4131.9892	11829.4381	11461.0	58451.0	4632.0	20068.0	4646.6343	48.50425421260297
sub-30_task-1_bold	0.0026082631578947368	0.005215282865789474	0	17.31091073313984	1.0528013815039585	0.9563591746965695	0.5991	405.1031	0.041945129160197936	1	0.2631578947368421	2.9423447616295424	2.8887433333333337	2.9995	2.9387909515552946	0.00536741	-0.007860313169658184	0.03960859403014183	380	70	70	38	2.5271426225209153	2.4509999752044678	3.0	3.0	3.299999952316284	43.34	82.7253	1370.5194	629.0	127140.0	569.0	5097.5	2175.2062	0.3455	4809.8244	12999.332	12654.0	59060.0	5168.5	21705.0	5007.1938	59.328729580156505
sub-30_task-2_bold	0.0006509498680738786	0.004645104828496043	1	17.64601799798942	1.0679796056613755	0.9542063336507937	0.5983	402.5398	0.050537666416343545	6	1.5831134564643798	2.970068701142203	2.9248666666666665	3.0219	2.963439436759941	0.0093957	-0.008062110282480717	0.04184781014919281	379	70	70	38	2.4944009817278325	2.4509999752044678	3.0	3.0	3.299999952316284	44.2873	85.59	1389.1262	633.0	127292.0	570.0	5216.0	2210.8627	0.3097	4914.8495	13041.6712	12705.0	58908.0	5076.0	21864.0	5093.364	64.32694863388315
sub-31_task-1_bold	0.029223456464379946	0.040772916569920846	1	27.911852745820088	1.1145771376455025	1.1096772883068782	0.5347	612.3722	0.21052743774355595	108	28.496042216358838	3.356007490684958	3.3162133333333332	3.4429	3.3089091387215404	0.00903338	-0.01228861603885889	0.041400667279958725	379	70	70	38	2.5840977420706066	2.4509999752044678	3.0	3.0	3.299999952316284	47.1798	38.0664	1079.57	578.0	139278.0	549.0	3635.0	1514.521	0.4428	5100.9697	14679.4128	14292.5	46922.0	5662.0	24421.0	5530.8851	21.137690836563706
sub-31_task-2_bold	0.0009599470899470899	0.0054118877248677255	2	26.218411276286457	1.237380303448276	0.9744266992838194	0.5321	614.0118	0.15369342730267965	87	23.015873015873016	3.0147616301081475	3.040236666666667	3.108496666666667	2.8955515569911086	0.0230977	-0.012586666271090508	0.040243420749902725	378	70	70	38	2.4730340468200724	2.4509999752044678	3.0	3.0	3.299999952316284	51.0736	36.4649	1088.9116	578.0	139103.0	550.0	3754.0	1578.6861	0.5487	5263.9937	14744.0573	14318.0	47097.0	5093.0	24902.0	5789.5879	61.02853490388952
sub-32_task-1_bold	0.002821631578947368	0.028058029184210527	0	21.891580823245377	0.94517543757256	0.8665953605013185	0.5959	314.7473	0.10025495183088064	31	8.157894736842104	2.7679511244672077	2.7350833333333333	2.795803333333333	2.7729667067349566	0.0123884	-0.0008829454309307039	0.051614731550216675	380	70	70	38	2.6172059827159284	2.4509999752044678	3.0	3.0	3.299999952316284	26.6792	98.0858	1202.1416	605.0	132922.0	535.0	4176.0	1519.1106	0.6013	3584.6122	11000.2627	10734.0	53278.0	4022.0	18128.0	4101.2818	35.79846568405628
sub-32_task-2_bold	0.012653245382585752	0.05387981116094987	1	24.818971063677267	0.947395848730159	0.9646259470899464	0.5999	307.6479	0.1462423925886311	60	15.831134564643799	2.860026478805668	2.7798433333333334	2.8605300000000002	2.9397061030836698	0.0067642	-0.0006013616803102195	0.05219380185008049	379	70	70	38	2.6881355382690137	2.4509999752044678	3.0	3.0	3.299999952316284	22.4343	102.4541	1207.5977	608.0	132852.0	535.0	4154.0	1480.1832	0.6272	3507.8701	10944.8174	10670.0	53348.0	4366.0	17812.0	3969.2567	22.499173123622313
sub-33_task-1_bold	0.028841081794195256	0.007406296094986809	1	23.311663561825398	1.3783034008730162	1.3139168193915347	0.5629	433.6177	0.11035219792379537	15	3.9577836411609497	3.018761731093027	2.9868433333333333	3.179126666666667	2.8903151932790814	0.0238505	-0.028002172708511353	0.04758550971746445	379	70	70	38	2.5370904086719355	2.4509999752044678	3.0	3.0	3.299999952316284	56.6329	70.6133	1200.9414	612.0	136331.0	561.0	3990.0	1752.1244	0.428	4660.5282	13014.5629	12743.0	49869.0	4679.0	21667.0	5022.6323	47.602269942173734
sub-33_task-2_bold	0.0084132981530343	0.008542155427440632	1	23.105447930661363	1.2318926828835972	1.058272541719578	0.5643	426.2029	0.11644606801858699	30	7.915567282321899	2.9803299127949114	2.92728	3.14754	2.8661697383847344	0.0127593	-0.027513157576322556	0.049570608884096146	379	70	70	38	2.5230713871445682	2.4509999752044678	3.0	3.0	3.299999952316284	65.3229	72.0861	1195.3289	616.0	135676.0	564.0	3941.0	1750.398	0.3855	4657.8113	12945.1225	12710.0	50524.0	4453.0	21545.0	5037.4612	50.89920918876305
sub-34_task-1_bold	0.005057097625329816	0.020152760079155674	1	21.769249588174606	0.9514848987037031	0.8938976055026453	0.5904	292.1297	0.07731141016863483	5	1.3192612137203166	2.9298317305782997	2.817076666666667	3.18897	2.783448525068233	0.00444096	-0.007988708093762398	0.07692057639360428	379	70	70	38	2.1484707474935774	2.4509999752044678	3.0	3.0	3.299999952316284	18.0632	100.0855	1419.6694	663.0	133045.0	591.0	5390.0	1831.1411	0.9724	4667.509	11904.4103	11328.0	53155.0	3769.0	21559.0	5272.5379	32.394155346555635
sub-34_task-2_bold	0.0014563492063492064	0.011792619761904762	2	21.31387980209551	0.9749288786472138	0.89997937596817	0.5863	293.595	0.06753990649800887	8	2.1164021164021163	2.908674962964804	2.8004266666666666	3.1290133333333334	2.796584888894412	0.00595334	-0.006177232135087252	0.07187194377183914	378	70	70	38	2.121721582183925	2.4509999752044678	3.0	3.0	3.299999952316284	19.9361	98.7696	1426.1128	667.0	133906.0	596.0	5423.0	1851.3594	0.8966	4806.8121	12025.2838	11429.0	52294.0	3726.0	21939.0	5386.6119	44.102706018835306
sub-35_task-1_bold	0.010802552631578944	0.016920333210526318	0	23.02235147387865	1.1361093392612134	1.0515384369920853	0.5575	375.3578	0.1029624593219533	41	10.789473684210526	2.5899492038151917	2.5732833333333334	2.72674	2.469824278112242	0.00830792	0.00012850176426582038	0.03133387863636017	380	70	70	38	2.5954369394672137	2.4509999752044678	3.0	3.0	3.299999952316284	31.7076	53.3386	937.337	576.0	137120.0	537.0	2651.0	1038.4103	0.2344	4059.2071	11260.6519	11158.5	49080.0	3650.5	18455.5	4299.2323	36.50342353968881
sub-35_task-2_bold	0.007441184210526316	0.006475830710526315	0	23.09247026992083	1.1855997406596306	1.0334036296833784	0.5576	375.7981	0.088250604087662	39	10.263157894736842	2.5659671835036466	2.546823333333333	2.7039933333333335	2.4470848838442727	0.00843039	3.185974128427915e-05	0.03112579882144928	380	70	70	38	2.5635359589804443	2.4509999752044678	3.0	3.0	3.299999952316284	31.0808	53.8146	947.6523	577.0	137030.0	537.0	2735.0	1058.0295	0.2584	4092.3832	11302.4278	11178.0	49170.0	3604.0	18617.0	4360.3392	52.26527734834235
sub-36_task-1_bold	0.0010950395778364114	0.006849074960422164	1	23.529171908518517	1.1746664212962958	0.9293661862698406	0.5753	471.0802	0.0689383177370635	24	6.332453825857519	2.6485663760218117	2.6331633333333335	2.7410933333333336	2.5714424613987674	0.0170613	-0.00857071578502655	0.04710323363542557	379	70	70	38	2.5267307884976833	2.4509999752044678	3.0	3.0	3.299999952316284	34.0524	53.9565	1067.5215	581.0	129790.0	542.0	3353.0	1415.4769	0.7908	4590.248	13170.6741	12601.0	56410.0	5844.0	22012.0	4987.0324	54.99377886764705
sub-36_task-2_bold	0.0015056200527704484	0.004826621345646438	1	24.410275060502645	1.2423683694708991	0.9562874176190489	0.5743	466.6537	0.06161719449124431	16	4.221635883905013	2.6417228406663784	2.6263666666666667	2.7277533333333337	2.5710485219991357	0.0177892	-0.007913556881248951	0.04600467532873154	379	70	70	38	2.5009247847980878	2.4509999752044678	3.0	3.0	3.299999952316284	33.7645	54.6763	1067.0831	583.0	129984.0	543.0	3341.0	1388.1289	0.8684	4614.4546	13187.0131	12591.5	56216.0	5801.0	22117.0	5034.6928	64.71153029566631
sub-37_task-1_bold	0.026707915567282324	0.0761009031662269	1	42.09790026960319	0.9674151571693118	1.0019190167195764	0.5579	363.3034	0.40769061238652526	265	69.92084432717678	3.3921841587227326	3.239743333333333	3.3432333333333335	3.5935758095015298	0.00757275	-0.008867405354976654	0.034424521028995514	379	70	70	38	2.534921492546862	2.4509999752044678	3.0	3.0	3.299999952316284	35.7154	73.4416	1068.218	595.0	139342.0	542.0	3468.0	1329.9879	0.2632	4136.5804	11621.565	11346.0	46858.0	4053.0	19516.0	4475.8305	12.210045883257408
sub-37_task-2_bold	0.013117447368421053	0.07168300447368421	0	53.8479030427969	0.9338213275725594	0.8989027274406333	0.5562	366.9197	0.6085735140713417	313	82.36842105263158	3.402494562858445	3.282313333333333	3.311806666666667	3.6133636885753355	0.0116806	-0.011263860389590263	0.033046115189790726	380	70	70	38	2.467618883890032	2.4509999752044678	3.0	3.0	3.299999952316284	38.9074	74.7388	1099.1641	596.0	139618.0	541.0	3685.0	1435.9307	0.2717	4256.7341	11718.7505	11422.0	46582.0	3823.0	19868.0	4628.704	12.606242929468863
sub-38_task-1_bold	0.005939393139841689	0.03230513939313985	1	19.496293542195748	0.9619256245238103	0.8661702344179893	0.5723	444.8122	0.0687908213013495	11	2.9023746701846966	2.909788800903361	2.8080033333333336	3.217226666666667	2.7041364027100823	0.00417875	-0.010886147618293762	0.048073459416627884	379	70	70	38	2.8228257857205206	2.4509999752044678	3.0	3.0	3.299999952316284	45.6724	66.0404	1134.8655	601.0	134849.0	554.0	3713.0	1497.9235	0.2034	4203.2511	12732.7407	12684.0	51351.0	4636.0	19982.0	4493.326	27.31712804408744
sub-38_task-2_bold	0.0014516842105263162	0.01752454913157895	0	19.093241228627964	0.9621186967018472	0.8633920816358847	0.5753	437.89	0.08824778486120202	28	7.368421052631579	2.7403651637440762	2.675053333333333	3.007096666666667	2.5389454912322287	0.00845017	-0.011627250351011753	0.04949468374252319	380	70	70	38	2.894523684894721	2.4509999752044678	3.0	3.0	3.299999952316284	44.6751	65.8158	1132.9406	601.0	134658.0	554.0	3758.0	1483.3314	0.259	4053.3722	12589.6167	12578.0	51542.0	4802.0	19512.0	4345.4051	38.97946231858805
sub-39_task-1_bold	0.0009181578947368421	0.006537089052631579	0	20.5542158062269	1.1154338084168878	0.9397867318997372	0.5735	461.1507	0.06897986701283207	0	0.0	3.1846163795529754	3.03773	3.211543333333333	3.304575805325592	0.00904053	-0.03307612985372543	0.062131449580192566	380	70	70	38	2.3319658425705425	2.4509999752044678	3.0	3.0	3.299999952316284	61.2281	62.0664	1424.6935	606.0	132668.0	560.0	5529.0	2492.2526	1.0299	4930.0346	13748.4659	13024.0	53532.0	5844.0	23993.0	5584.9353	55.26426848070696
sub-39_task-2_bold	0.0005251715039577837	0.003542261899736148	1	22.383410549523816	1.1937568816666664	0.9623373624603165	0.5718	461.5623	0.06394056252691198	1	0.2638522427440633	3.113450722417216	2.996066666666667	3.1580733333333337	3.186212167251647	0.012586	-0.030760513618588448	0.0591600127518177	379	70	70	38	2.3244125580554615	2.4509999752044678	3.0	3.0	3.299999952316284	61.6645	65.0467	1417.6582	611.0	133169.0	563.0	5555.0	2419.6727	1.0634	4982.279	13850.1641	13122.0	53031.0	5842.0	24213.0	5645.2441	69.17275035521016
sub-40_task-1_bold	0.01085575197889182	0.04025065269129288	1	26.061969055581994	1.0154753728571428	0.9724633056084656	0.5647	404.1491	0.19635436423679015	95	25.065963060686016	2.437377587060894	2.3214366666666666	2.6439233333333334	2.3467727611826805	0.00379072	-0.004197310656309128	0.03875471279025078	379	70	70	38	3.0530157651399663	2.4509999752044678	3.0	3.0	3.299999952316284	30.8142	37.2372	878.6276	553.0	136267.0	526.0	2365.0	956.33	0.4397	3284.9238	11106.0964	11114.0	49933.0	4468.0	16973.0	3640.2985	23.091484894277528
sub-40_task-2_bold	0.018476894736842105	0.09175021210526316	0	25.327043467941934	0.8513793006596305	0.8583606670976247	0.5726	391.6801	0.1826430112102578	102	26.842105263157894	2.637081527992184	2.46226	2.78303	2.665954583976552	0.0055773	-0.0064022233709692955	0.042887162417173386	380	70	70	38	3.1841536540307147	2.4509999752044678	3.0	3.0	3.299999952316284	26.4544	42.3556	914.5885	557.0	135902.0	527.0	2572.0	1001.1243	0.5297	3121.9614	11047.0273	11017.0	50298.0	5027.0	16683.0	3459.9117	16.743274707114324
sub-41_task-1_bold	0.0035484736842105262	0.008664017157894737	0	20.609346490316632	1.0280761072295501	0.9369049103166228	0.5619	451.1866	0.09536526160553992	39	10.263157894736842	2.762723144217626	2.730513333333333	2.8784500000000004	2.6792060993195457	0.0219241	-0.00791618786752224	0.037843067198991776	380	70	70	38	2.6634475457988374	2.4509999752044678	3.0	3.0	3.299999952316284	20.8341	49.7178	1116.9709	584.0	137369.0	547.0	4057.0	1421.0212	0.0107	4451.0527	12422.8402	12409.0	48831.0	3737.0	19918.0	4658.9515	49.51977339456789
sub-41_task-2_bold	0.003698631578947368	0.005003282263157894	0	19.034219387124004	1.10622500005277	0.9922056891820583	0.5627	450.2992	0.07186000085497864	27	7.105263157894737	2.747934659341469	2.7253566666666664	2.8449866666666668	2.6734606446910716	0.0271387	-0.008393595926463604	0.03840615227818489	380	70	70	38	2.6515643830911677	2.4509999752044678	3.0	3.0	3.299999952316284	20.7225	51.8871	1144.5089	589.0	137423.0	550.0	4225.0	1478.8613	0.046	4479.9287	12526.5625	12495.0	48777.0	3761.0	20121.0	4712.2642	62.6930016502738
sub-42_task-1_bold	0.002955461741424802	0.019986504802110817	1	28.98277091992066	1.1187864107407408	0.9515806884391533	0.5457	478.196	0.2462310100941848	188	49.6042216358839	2.423153142477733	2.4343766666666666	2.51711	2.3179727607665317	0.0182305	-0.001774175208993256	0.031259842216968536	379	70	70	38	2.945629543499315	2.4509999752044678	3.0	3.0	3.299999952316284	60.7604	37.466	962.3697	562.0	139956.0	533.0	2923.0	1291.7189	0.8794	3567.6426	12314.2773	12296.5	46244.0	4652.0	19023.0	4174.4445	34.98353530652821
sub-42_task-2_bold	0.004462552631578947	0.010517439289473685	0	35.037481051451195	1.253724006912929	1.0081920755408975	0.5462	474.1829	0.3001294360966153	227	59.73684210526316	2.411894051655048	2.4149866666666666	2.484783333333333	2.335912154965143	0.0351925	-0.00260278326459229	0.03074193000793457	380	70	70	38	2.8951721022158	2.4509999752044678	3.0	3.0	3.299999952316284	61.5064	39.8586	974.737	567.0	139774.0	536.0	3004.0	1309.5613	0.8656	3635.3884	12357.9099	12341.0	46426.0	4441.0	19216.0	4262.5677	44.831326871179044
sub-43_task-1_bold	0.012671342105263158	0.008433145210526316	0	20.38793784026384	1.2411076286543543	1.094038513350924	0.5617	420.0211	0.10944756843415433	36	9.473684210526315	2.8966148615901055	2.9033800000000003	3.065576666666667	2.7208879181036503	0.00557118	-0.004146108403801918	0.04241703823208809	380	70	70	38	2.6800476764627645	2.4509999752044678	3.0	3.0	3.299999952316284	60.3316	99.4942	1183.19	632.0	137720.0	561.0	3754.0	1596.4618	0.2427	4561.6557	13100.8149	12956.0	48480.0	4789.0	21196.5	4834.1925	54.315423518419266
sub-43_task-2_bold	0.0026638421052631576	0.01773233194736842	0	21.432406916147745	1.0460397693403698	0.9346560647493395	0.5614	418.4379	0.12525166600991128	50	13.157894736842104	2.985807690337803	3.01115	3.1288699999999996	2.8174030710134086	0.00510918	-0.002313831355422735	0.03904959559440613	380	70	70	38	2.709406646863067	2.4509999752044678	3.0	3.0	3.299999952316284	46.9064	105.9592	1184.8663	638.0	138249.0	562.0	3722.0	1521.3952	0.0973	4646.4203	13155.4989	13061.0	47951.0	4803.0	21184.0	4820.5624	41.898317840415984
sub-44_task-1_bold	0.00496404761904762	0.019041531322751323	2	20.717734116525214	0.9413406695490714	0.8722978338992045	0.5948	332.1025	0.0864004818180141	16	4.232804232804233	2.791641932521408	2.7632433333333335	2.8442399999999997	2.767442464230891	0.00563123	0.006343028508126736	0.04232368245720863	378	70	70	38	2.6440612759286495	2.4509999752044678	3.0	3.0	3.299999952316284	34.1999	79.6644	1308.992	612.0	133218.0	553.0	4974.0	1932.5018	0.2732	4009.0013	11372.1507	11157.0	52982.0	4403.0	18612.0	4219.6052	35.59955044835806
sub-44_task-2_bold	0.005220870712401055	0.008133006569920845	1	20.616691872328058	1.0943444442328036	0.9840666203439148	0.5929	330.08	0.08819140497384793	18	4.74934036939314	2.7690855688764913	2.7753333333333337	2.7662566666666666	2.765666706629474	0.0103557	0.005518853198736906	0.04361564666032791	379	70	70	38	2.5902752141459633	2.4509999752044678	3.0	3.0	3.299999952316284	35.5107	80.6747	1325.2495	615.0	133539.0	556.0	5084.0	1983.1382	0.3073	4051.2135	11426.3284	11171.0	52661.0	4323.0	18882.0	4312.6282	51.29452838655561
sub-45_task-1_bold	0.0011929736842105263	0.011710138736842108	0	20.11396943047495	0.9862020538786277	0.8864348833245382	0.5925	395.4496	0.06553707246241894	11	2.8947368421052633	2.8600374872236336	2.97125	3.0185866666666663	2.590275795004235	0.00802704	0.010709180496633053	0.04489389806985855	380	70	70	38	2.4594217032493195	2.4509999752044678	3.0	3.0	3.299999952316284	18.5465	122.0455	1313.8273	643.0	129028.0	556.0	4572.0	1733.8824	1.1089	4510.5327	13172.5256	12796.0	57172.0	4936.0	22306.0	5202.8036	46.15684366913047
sub-45_task-2_bold	0.00292778364116095	0.003798423034300792	1	21.882030562962957	1.1941059146296304	1.0214185117195766	0.5947	388.5182	0.09992801816073443	32	8.443271767810026	2.7842717293799453	2.89148	2.926686666666667	2.5346485214731698	0.0146608	0.012340283021330833	0.045359909534454346	379	70	70	38	2.4442047355689174	2.4509999752044678	3.0	3.0	3.299999952316284	17.0259	125.1723	1343.5497	648.0	128858.0	559.0	4744.0	1772.5145	1.2456	4489.7575	13159.5227	12768.5	57342.0	4979.0	22323.0	5223.944	64.51451242470648
sub-46_task-1_bold	0.0034146965699208436	0.0062345314775725585	1	26.48352603809524	1.1946562393386242	0.9967464291534396	0.5863	342.0071	0.12968554930471765	63	16.622691292875988	2.7093013259132497	2.6893266666666666	2.7848166666666665	2.6537606444064146	0.0174979	-0.0002726368547882885	0.04249100759625435	379	70	70	38	2.394662606967153	2.4509999752044678	3.0	3.0	3.299999952316284	24.3867	75.423	1213.6225	612.0	132060.0	557.0	4360.0	1583.2901	0.3481	4470.8116	11623.6746	11314.0	54140.0	3707.0	19752.0	4724.6303	49.572731741471216
sub-46_task-2_bold	0.0012803421052631579	0.008573765631578948	0	32.947584438865455	1.1631047275725592	0.969430679340369	0.5867	331.9352	0.2432516222718043	187	49.21052631578947	2.694224053135651	2.68474	2.7546199999999996	2.6433121594069533	0.0422888	0.0006098860176280141	0.04285804182291031	380	70	70	38	2.3610568691765073	2.4509999752044678	3.0	3.0	3.299999952316284	22.9379	79.0871	1231.7443	616.0	132364.0	558.0	4474.0	1599.8584	0.361	4492.3151	11546.7423	11219.0	53836.0	3572.0	19725.0	4751.6415	43.16118499729782
sub-47_task-1_bold	0.0030329473684210526	0.026056594815789473	0	25.15348258817942	0.9365406132717689	0.8694472015831133	0.5555	474.6445	0.14313178265947699	58	15.263157894736842	2.6391532452150295	2.6154333333333333	2.6254566666666665	2.676569735645088	0.00691044	-0.013980193063616753	0.03586401417851448	380	70	70	38	2.8853172107110385	2.4509999752044678	3.0	3.0	3.299999952316284	24.5078	51.893	1087.6956	575.0	139822.0	536.0	3945.0	1397.1897	0.4645	3866.295	12549.7043	12532.0	46378.0	4516.0	19600.0	4343.3231	36.299036998534575
sub-47_task-2_bold	0.007268205804749341	0.017323391635883905	1	27.737040340423306	0.8790926361904758	0.8751994597619053	0.5562	466.642	0.18491462896607475	65	17.150395778364118	2.6624469825867814	2.6644	2.646783333333333	2.676157614427012	0.0474384	-0.014566460624337196	0.03894910588860512	379	70	70	38	2.7765319873070196	2.4509999752044678	3.0	3.0	3.299999952316284	27.6284	55.5271	1114.4473	579.0	139492.0	537.0	4099.0	1461.8808	0.4631	3999.0241	12551.1878	12514.0	46708.0	4224.0	19895.0	4507.0131	37.855435834499076
sub-48_task-1_bold	0.010427255936675461	0.027672572612137205	1	23.010779877936518	1.0670112448941793	0.944258162539683	0.5547	433.4199	0.07067064960798845	15	3.9577836411609497	3.078387994477471	3.058393333333333	3.1290433333333336	3.047727316765746	0.00357333	-0.004502501338720322	0.02671903930604458	379	70	70	38	2.536404048766091	2.4509999752044678	3.0	3.0	3.299999952316284	77.9992	62.6937	1138.3203	584.0	137310.0	538.0	3625.0	1916.6937	0.6227	4246.7381	12512.3063	12167.0	48890.0	4463.0	20952.0	4796.8996	28.534852643031627
sub-48_task-2_bold	0.017882796833773085	0.02307495535620053	1	24.677268976825413	1.0606085752116405	0.9078554775132277	0.5548	430.4898	0.10475856910295389	44	11.609498680738787	2.9984546608082643	3.0068566666666663	3.0105133333333334	2.9779939824247936	0.0107292	-0.003338267095386982	0.026182573288679123	379	70	70	38	2.5086964882820606	2.4509999752044678	3.0	3.0	3.299999952316284	75.2386	64.6478	1148.5239	588.0	137409.0	540.0	3728.0	1897.3531	0.6155	4244.8364	12581.6898	12193.0	48791.0	4501.0	21117.0	4860.2432	33.02742421277799
sub-49_task-1_bold	0.01633171052631579	0.05929413613157895	0	27.415459912269142	0.822944894248021	0.793381749366755	0.5702	491.0836	0.25608164544562806	144	37.89473684210526	2.9999282974809183	2.8043366666666665	3.1532966666666664	3.042151559109421	0.00854687	-0.009840625338256359	0.04690947011113167	380	70	70	38	3.0682732506882657	2.4509999752044678	3.0	3.0	3.299999952316284	34.7988	52.7923	1114.4514	579.0	135691.0	540.0	3844.0	1523.4862	0.6348	3753.8127	13000.8977	12828.0	50509.0	6340.0	20244.0	4180.8118	22.471965182572603
sub-49_task-2_bold	0.009039078947368422	0.036862135184210526	0	35.76156905340369	1.0339836250131922	0.9375039908707126	0.5688	494.1609	0.4088625977570607	224	58.94736842105263	2.932994559460378	2.78049	3.11063	2.907863678381135	0.0141092	-0.008596783503890038	0.04724269360303879	380	70	70	38	3.043993786095147	2.4509999752044678	3.0	3.0	3.299999952316284	39.2276	48.6918	1110.8563	575.0	135766.0	539.0	3819.0	1559.8847	0.7072	3732.8304	12972.0484	12790.0	50434.0	6303.0	20272.0	4201.6752	26.901560705853626
sub-50_task-1_bold	0.01199428947368421	0.017856530105263158	0	22.856058261583108	1.1133494406860165	0.8821045642216353	0.5449	481.7369	0.07153317624668375	21	5.526315789473684	2.8141863760410772	2.886286666666667	2.9808299999999996	2.5754424614565656	0.00647278	-0.007894142530858517	0.04482857137918472	380	70	70	38	2.6552947573646786	2.4509999752044678	3.0	3.0	3.299999952316284	27.4565	42.4199	1006.262	567.0	139848.0	535.0	3348.0	1220.2145	-0.0464	4461.1284	12319.6345	12442.0	46352.0	3222.0	19594.0	4685.6816	42.58005802961998
sub-50_task-2_bold	0.00044833773087071246	0.009312812770448549	1	22.34938184018517	1.1447730913227518	0.9045812341269844	0.5434	477.1796	0.07346170642706594	21	5.54089709762533	2.800235163837678	2.884926666666667	2.9574	2.5583788248463666	0.00935723	-0.006647579371929169	0.04437762498855591	379	70	70	38	2.6075329133180616	2.4509999752044678	3.0	3.0	3.299999952316284	30.8096	42.1583	1016.2323	569.0	140139.0	537.0	3401.0	1254.3081	-0.0596	4526.651	12325.2624	12439.0	46061.0	3057.0	19736.0	4770.3578	55.66209498583339
sub-51_task-1_bold	0.006687105263157895	0.004363025573684211	0	18.96097120815303	1.1420157653825853	0.9964510754089706	0.5605	440.0844	0.05039949856530528	4	1.0526315789473684	3.0803928427477643	3.1078433333333333	3.130153333333333	3.0031818615766275	0.0100111	-0.010147392749786377	0.03220649063587189	380	70	70	38	2.2587235243263546	2.4509999752044678	3.0	3.0	3.299999952316284	51.1114	65.055	1183.8105	618.0	133710.0	571.0	3955.0	1612.8695	0.2709	5511.0026	13367.6386	12967.5	52490.0	3762.0	23254.0	5741.0198	63.660037870751694
sub-51_task-2_bold	0.0040309234828496045	0.004062549071240105	1	19.096598080132264	1.116292428888889	0.984776088756614	0.5602	432.9365	0.05529792877401657	8	2.1108179419525066	3.0635213275783264	3.0905400000000003	3.1005633333333336	2.9994606494016454	0.0102898	-0.008809242397546768	0.03306817263364792	379	70	70	38	2.2427809227681066	2.4509999752044678	3.0	3.0	3.299999952316284	48.7178	65.3987	1174.7564	619.0	133734.0	571.0	3922.0	1562.2415	0.2566	5511.5984	13277.6402	12890.0	52466.0	3644.0	23126.0	5747.2743	62.72892804443836
sub-52_task-1_bold	0.018520131926121373	0.0231523464116095	1	27.78654265539683	1.1458153634391532	0.9926808620634922	0.5689	333.2105	0.14956788484108902	87	22.95514511873351	3.049537489235662	3.0502599999999997	3.090343333333333	3.008009134373652	0.0136621	-0.00024368758022319525	0.04642169922590256	379	70	70	38	2.251175399340374	2.4509999752044678	3.0	3.0	3.299999952316284	41.0282	71.0045	1200.9535	613.0	136077.0	561.0	4048.0	1645.2779	1.1189	4299.0078	11597.6289	11198.0	50123.0	3307.0	20338.0	4974.2407	34.83701404533349
sub-52_task-2_bold	0.0017281052631578945	0.009770477263157894	0	32.89653347277045	1.187275486912929	0.9820796899472292	0.5694	329.1748	0.26614038175711247	196	51.578947368421055	2.9888577917804144	3.017383333333333	3.04199	2.907200042007909	0.0249369	0.0015335527714341879	0.0494135282933712	380	70	70	38	2.257679504070515	2.4509999752044678	3.0	3.0	3.299999952316284	37.9163	71.1025	1219.7079	614.0	136637.0	562.0	4222.0	1681.2886	1.0871	4309.5149	11528.726	11136.0	49563.0	3337.0	20161.0	4932.4484	42.57972676213831
sub-53_task-1_bold	0.01590176315789474	0.009805701421052632	0	18.551154810923496	1.113249218627969	1.0113785921108183	0.5514	482.598	0.11706967180794971	23	6.052631578947368	3.0647022364494703	3.06812	3.1721533333333336	2.9538333760150763	0.00946283	-0.010616500861942768	0.02984464541077614	380	70	70	38	2.5025111602941075	2.4509999752044678	3.0	3.0	3.299999952316284	87.0039	57.0333	1076.7615	599.0	136084.0	556.0	3507.0	1490.4348	0.2802	4910.9584	13144.4672	13149.0	50116.0	3765.0	21860.0	5254.2698	48.76853333204053
sub-53_task-2_bold	0.0006346701846965698	0.006971071134564645	1	18.659117017380957	1.0276516172751324	0.9206991680952379	0.5542	476.3984	0.11237386442827912	26	6.860158311345646	2.9910580947154664	3.0051566666666667	3.0805933333333333	2.8874242841463995	0.00915032	-0.010772090405225754	0.0301060788333416	379	70	70	38	2.5309498915184525	2.4509999752044678	3.0	3.0	3.299999952316284	76.3221	58.2361	1092.6439	603.0	135965.0	559.0	3616.0	1484.0343	0.3348	4842.1079	13166.8709	13167.0	50235.0	3950.0	21794.0	5202.3428	55.709352367557585
sub-54_task-1_bold	0.003570894736842106	0.004927603631578947	0	21.427083027889182	1.1697606478627955	1.0039541576517146	0.5731	364.1581	0.09195998256289026	12	3.1578947368421053	2.466311122703553	2.48206	2.510073333333333	2.406800034777324	0.00863576	-0.007615628652274609	0.043468035757541656	380	70	70	38	2.818166260303357	2.4509999752044678	3.0	3.0	3.299999952316284	29.703	52.2032	1030.7988	581.0	136836.0	543.0	3401.0	1221.3046	0.3822	3509.4599	10996.0045	11088.5	49364.0	3524.0	17326.0	3934.6109	64.25380358006805
sub-54_task-2_bold	0.00035729442970822286	0.0065406132891246685	3	21.160484357074456	1.0367593859574464	0.9159162383244681	0.572	358.5324	0.08908301936725437	11	2.9177718832891246	2.484863951125812	2.49395	2.5248933333333334	2.435748520044103	0.00419017	-0.007246470544487238	0.04443872347474098	377	70	70	38	2.771180019089178	2.4509999752044678	3.0	3.0	3.299999952316284	30.5353	51.5214	1033.6961	582.0	137131.0	544.0	3425.0	1227.2692	0.3054	3565.5758	10931.5169	11026.0	49069.0	3389.0	17352.0	3978.7699	62.19838756136596
sub-55_task-1_bold	0.0056567018469657	0.013977810765171503	1	18.591109439603176	0.9980171533597895	0.9576854065873013	0.589	320.4568	0.06773871686048479	3	0.7915567282321899	2.838982437830167	2.7181866666666665	2.9777	2.8210606468238346	0.00294123	-0.013739892281591892	0.06150568276643753	379	70	70	38	2.6116778966026954	2.4509999752044678	3.0	3.0	3.299999952316284	35.4954	55.4626	1184.1466	586.0	135392.0	545.0	4311.0	1552.1281	0.4648	3663.1467	10570.5316	10492.0	50808.0	3441.0	17205.0	4017.3012	43.20284577878192
sub-55_task-2_bold	0.000566754617414248	0.005066042374670184	1	19.879847672857146	1.0835972644708998	1.0938355473280423	0.5857	320.0157	0.07027804026839804	0	0.0	2.8618283976648073	2.7226	2.99227	2.870615192994424	0.00760344	-0.014505457133054733	0.06281968951225281	379	70	70	38	2.5324176699924013	2.4509999752044678	3.0	3.0	3.299999952316284	34.2194	57.7432	1204.4362	590.0	136084.0	547.0	4436.0	1590.154	0.4667	3787.3291	10660.23	10554.0	50116.0	3213.0	17603.0	4167.5174	65.13631300348788
sub-56_task-1_bold	0.005578970976253299	0.018961513377308708	1	20.08512534039682	1.0552880470634929	0.9478127834656082	0.5483	483.5429	0.10822426105225522	18	4.74934036939314	2.695563547499207	2.7780799999999997	2.7869499999999996	2.5216606424976207	0.00424832	-0.005903962533921003	0.03279753774404526	379	70	70	38	2.906799043708359	2.4509999752044678	3.0	3.0	3.299999952316284	45.1936	34.5419	999.5363	559.0	140232.0	533.0	3370.0	1312.222	0.429	3789.456	12147.7511	12292.0	45968.0	3927.0	18691.0	4228.6605	41.570098110008985
sub-56_task-2_bold	0.005333667546174142	0.015429307889182056	1	21.332177184973535	1.1238628687301582	0.964529637037037	0.5496	483.7933	0.11240283815345964	31	8.179419525065963	2.6623990020395385	2.7125066666666666	2.7540933333333335	2.520597006118616	0.004579	-0.006967521272599697	0.034276582300662994	379	70	70	38	2.932549089556058	2.4509999752044678	3.0	3.0	3.299999952316284	46.9619	36.5799	1016.8167	563.0	140294.0	536.0	3511.0	1330.5573	0.4744	3782.9834	12260.6267	12388.5	45906.0	4133.0	18878.0	4224.4357	48.59383925329894
sub-57_task-1_bold	0.00609	0.007343272894736842	0	16.63903636480211	1.0943817782585747	1.010121186543536	0.5782	387.3509	0.036709798393137774	7	1.8421052631578947	2.917234155054297	2.9709066666666666	2.9488533333333335	2.8319424651628906	0.00641139	-0.00842444971203804	0.040373556315898895	380	70	70	38	2.6721484375678615	2.4509999752044678	3.0	3.0	3.299999952316284	43.9514	67.8836	1246.7985	606.0	135311.0	557.0	4333.0	1872.8064	1.2844	3907.3156	12151.521	11931.0	50889.0	5195.0	19869.0	4464.9027	59.011100409785286
sub-57_task-2_bold	0.0020702638522427444	0.024875644722955146	1	16.156015282645495	0.8607530652380951	0.8465980487301584	0.5794	386.7562	0.055310871248894895	10	2.638522427440633	3.0582699132606703	3.1507566666666666	3.0611833333333336	2.9628697397820116	0.00265515	-0.00891912542283535	0.04018114134669304	379	70	70	38	2.7067991077317983	2.4509999752044678	3.0	3.0	3.299999952316284	43.3225	76.1291	1277.7153	613.0	135679.0	557.0	4523.0	1908.3095	1.0589	3959.072	12235.6105	12065.0	50521.0	5164.0	19861.0	4457.2501	34.9445772068575
sub-58_task-1_bold	0.008981473684210525	0.013775803315789474	0	20.514353385013184	1.0866869055408976	0.912771357229551	0.5815	442.3369	0.07635790296212468	2	0.5263157894736842	3.192446883636086	3.1856733333333334	3.2879400000000003	3.1037273175749247	0.00446695	0.0068298764526844025	0.03313181549310684	380	70	70	38	2.343597151794469	2.4509999752044678	3.0	3.0	3.299999952316284	28.0843	117.9956	1486.0903	659.0	131470.0	574.0	5687.0	2212.1421	0.6377	5514.5867	14406.4857	13855.0	54730.0	5239.0	24795.0	5911.7982	40.25131140195299
sub-58_task-2_bold	0.031031710526315794	0.01873416397368421	0	21.937228285857515	1.1923594720052753	1.0138181156464385	0.5838	432.6466	0.08167522403002331	9	2.3684210526315788	3.2146731462585536	3.215256666666667	3.3258233333333336	3.1029394387756613	0.00639475	0.008085562847554684	0.032733164727687836	380	70	70	38	2.3692680303501357	2.4509999752044678	3.0	3.0	3.299999952316284	27.4134	119.1738	1509.9379	661.0	131609.0	575.0	5859.0	2266.1815	0.4404	5493.3873	14196.4628	13747.0	54591.0	4845.0	24235.0	5802.1608	33.58353374991566
sub-59_task-1_bold	0.005981398416886543	0.012484643852242744	1	19.40393202650793	1.0266361543386244	0.9736816075661368	0.5683	326.0705	0.10667859373123141	24	6.332453825857519	2.4560411222207748	2.5415033333333334	2.5200533333333333	2.306566699995658	0.00653663	-0.0006615659804083407	0.04024679213762283	379	70	70	38	2.5950271489379944	2.4509999752044678	3.0	3.0	3.299999952316284	23.7266	65.1465	1052.9196	585.0	139134.0	537.0	3513.0	1239.5947	0.586	3452.3826	10613.7042	10565.0	47066.0	3131.0	17516.0	4071.2051	43.019600707804784
sub-59_task-2_bold	0.0011262894736842105	0.005179724631578947	0	21.287118685013198	1.073742229287599	0.9734995035092344	0.5646	328.4393	0.12562142445339217	47	12.368421052631579	2.4268065767758773	2.5145466666666665	2.4573033333333334	2.308569730327631	0.0113064	0.0004454383160918951	0.03831244632601738	380	70	70	38	2.552127282916121	2.4509999752044678	3.0	3.0	3.299999952316284	21.7065	63.3208	1056.5869	586.0	139904.0	539.0	3582.0	1246.3382	0.6225	3489.7655	10673.5921	10627.0	46296.0	2963.0	17724.0	4163.9323	58.85342785040848
sub-60_task-1_bold	0.007770078947368422	0.003702580350000001	0	15.970293958496072	1.1558680328496047	1.0668458418469657	0.5569	462.8652	0.04154362642927235	10	2.6315789473684212	2.524838092151142	2.619056666666667	2.6004333333333336	2.3550242764534266	0.018602	0.00297054392285645	0.023366106674075127	380	70	70	38	2.8036276651724457	2.4509999752044678	3.0	3.0	3.299999952316284	25.8775	54.6787	1007.2228	585.0	136902.0	544.0	3277.0	1197.6153	0.3479	4145.0156	12569.5985	12595.0	49298.0	4232.0	19754.0	4492.3484	69.10597472265363
sub-60_task-2_bold	0.006462710526315789	0.017013350157894735	0	17.40493583448548	0.9319479389182058	0.8936231944063329	0.5592	462.0084	0.06344360938902621	26	6.842105263157895	2.5706583954984903	2.6399233333333334	2.6512033333333336	2.420848519828804	0.013375	0.0010959566570818424	0.02383824624121189	380	70	70	38	2.8737240521829523	2.4509999752044678	3.0	3.0	3.299999952316284	24.0118	58.8749	1015.2089	589.0	136867.0	545.0	3323.0	1183.0991	0.3253	4082.1353	12623.9889	12659.0	49333.0	4466.0	19602.0	4405.0408	42.193202706519514
sub-61_task-1_bold	0.007609473684210526	0.010121258105263157	0	21.39776001393141	1.1709191038522433	1.0379188213192612	0.5483	425.692	0.1188697603945053	58	15.263157894736842	2.663157082997209	2.7510133333333333	2.686803333333333	2.5516545823249612	0.0129598	0.002470477716997266	0.016437621787190437	380	70	70	38	2.779892536875922	2.4509999752044678	3.0	3.0	3.299999952316284	39.9619	52.0549	918.8019	561.0	139119.0	521.0	2668.0	1122.4836	0.3457	3622.9847	11633.3138	11566.0	47081.0	4081.0	18626.0	4160.5483	49.43144553923048
sub-61_task-2_bold	0.000771763157894737	0.010795095921052631	0	31.17143556467016	1.1194925899736146	0.9347769792348285	0.5431	414.2143	0.24163167165629384	226	59.473684210526315	2.613248901006814	2.6823	2.6415466666666667	2.5159000363537762	0.0410229	0.0036083089653402567	0.01304539293050766	380	70	70	38	2.702594488057975	2.4509999752044678	3.0	3.0	3.299999952316284	39.2577	51.614	900.5584	563.0	140172.0	523.0	2590.0	1050.913	0.2518	3696.3662	11519.2113	11449.0	46028.0	3751.0	18680.0	4236.2536	47.4891546566505
sub-62_task-1_bold	0.023710949868073882	0.05080452654353562	1	18.510790234523817	0.8920252716402112	0.8868408844973547	0.5587	431.0621	0.08191957625195771	9	2.37467018469657	2.647660517171408	2.5563	2.8701633333333336	2.5165182181808907	0.000736366	-0.011215345934033394	0.04250795394182205	379	70	70	38	2.694740579298921	2.4509999752044678	3.0	3.0	3.299999952316284	25.8671	42.5573	997.1338	574.0	137007.0	542.0	3215.0	1168.7128	0.5406	4021.6743	12020.827	11911.0	49193.0	4118.0	19263.0	4420.0466	21.21712192799896
sub-62_task-2_bold	0.014576622691292876	0.04483052617414249	1	20.072879296666684	0.9019513163492061	0.8727001461904758	0.5585	436.2228	0.13007329214356975	33	8.70712401055409	2.633622941548987	2.50545	2.85084	2.5445788246469614	0.000698223	-0.012702292762696743	0.043355684727430344	379	70	70	38	2.8239992930129336	2.4509999752044678	3.0	3.0	3.299999952316284	24.0066	44.1416	1012.8297	576.0	138138.0	543.0	3304.0	1181.7535	0.556	3903.0893	12166.1421	12039.0	48062.0	4678.0	19132.0	4263.0587	22.63105078577064
sub-63_task-1_bold	0.015906596306068603	0.011386797546174141	1	19.776594262751317	0.9930729554497351	0.8931184105555556	0.5741	487.1903	0.09310780256838445	9	2.37467018469657	2.7956357709746924	2.74321	2.8618366666666666	2.78186064625741	0.002602	-0.004440584219992161	0.032001346349716187	379	70	70	38	2.570994289140541	2.4509999752044678	3.0	3.0	3.299999952316284	65.4831	80.706	1151.5983	606.0	129804.0	547.0	3592.0	1818.5801	0.5501	4833.3716	13802.902	13384.5	56396.0	5541.0	22901.0	5205.9164	47.329085850855336
sub-63_task-2_bold	0.0009325994694960213	0.006010685039787799	3	21.04767775013298	1.151654827792552	0.9681186571542546	0.5735	482.6147	0.11780542452767165	34	9.018567639257295	2.7858597102699654	2.7534833333333335	2.84272	2.761375797476563	0.00653463	-0.0029933901969343424	0.03214999660849571	377	70	70	38	2.5353879031251307	2.4509999752044678	3.0	3.0	3.299999952316284	66.8681	85.3617	1169.5494	612.0	129949.0	549.0	3694.0	1857.087	0.5375	4920.3485	13879.1671	13434.0	56251.0	5549.0	23138.0	5298.5504	58.93233149824664
sub-64_task-1_bold	0.001759447368421053	0.009587614447368421	0	20.62357940255936	1.088648160659631	0.906765605277045	0.5306	496.128	0.04486497348130119	2	0.5263157894736842	2.797015265257812	2.794503333333333	2.9530333333333334	2.643509129106769	0.00269771	-0.008159387856721878	0.028248051181435585	380	70	70	38	2.47207199198447	2.4509999752044678	3.0	3.0	3.299999952316284	37.7887	45.7032	994.3649	574.0	141266.0	540.0	3150.0	1243.8473	0.3348	4611.7877	12986.3458	12785.0	44934.0	3522.0	21684.0	5171.7174	50.806997794657946
sub-64_task-2_bold	0.0016778684210526312	0.00891013152631579	0	20.599678583350922	1.1178176692875983	0.9300979734564638	0.5309	499.7109	0.05197845783223075	3	0.7894736842105263	2.7979391036841235	2.78837	2.95312	2.65232731105237	0.00368859	-0.009477999061346054	0.02943001501262188	380	70	70	38	2.4779656017167797	2.4509999752044678	3.0	3.0	3.299999952316284	35.9693	47.966	1012.3306	577.0	141456.0	542.0	3259.0	1266.5726	0.3715	4637.8852	13121.487	12909.0	44744.0	3634.0	21964.0	5209.4572	52.2712617367506
sub-65_task-1_bold	0.0021217941952506596	0.004428835699208443	1	21.00755080473545	1.1468122654232802	1.0017333451851842	0.5976	340.6756	0.11300987945176703	34	8.970976253298153	3.087334862964424	3.02341	3.2323733333333333	3.006221255559939	0.00787223	-0.01796543598175049	0.05710836872458458	379	70	70	38	2.458100871726028	2.4509999752044678	3.0	3.0	3.299999952316284	45.5711	96.6586	1308.4721	639.0	129253.0	570.0	4391.0	1846.8563	1.1566	4422.1029	12232.9934	11801.0	56947.0	5153.0	20707.0	4800.8186	61.55229248665273
sub-65_task-2_bold	0.00115216	0.00496996184	5	21.910889120614964	1.1452562245187172	0.9783976308823524	0.5943	345.8036	0.10893455136666791	25	6.666666666666667	3.00841041829858	2.9406933333333334	3.124283333333333	2.9602545882290725	0.00723355	-0.014941188506782055	0.04866572096943855	375	70	70	38	2.518582966994219	2.4509999752044678	3.0	3.0	3.299999952316284	48.2972	95.5152	1294.953	642.0	130496.0	574.0	4349.0	1800.4037	0.9635	4391.7088	12314.473	11947.0	55704.0	5157.0	20616.0	4743.4978	62.02242213208228
sub-66_task-1_bold	0.0024128759894459103	0.011503293166226912	1	21.043667091798937	1.0660074045502643	0.9226652329100534	0.5981	367.6477	0.07786065451873304	5	1.3192612137203166	3.2955287240442055	3.2849533333333336	3.28833	3.3133028387992836	0.00504264	-0.028587132692337036	0.054475121200084686	379	70	70	38	2.434507013948423	2.4509999752044678	3.0	3.0	3.3000001907348633	41.7524	123.9537	1533.1376	659.0	128440.0	570.0	5495.0	2662.5179	1.0945	4683.8437	13103.8899	12638.0	57760.0	5376.0	22354.5	5191.1498	44.45089070184622
sub-66_task-2_bold	0.0005129023746701847	0.0051034103430079155	1	21.256470506137553	1.1069389999735448	0.9534979755291013	0.5989	366.3715	0.08728033766144576	12	3.1662269129287597	3.18842478663176	3.18206	3.1727600000000002	3.2104543598952806	0.00849031	-0.02965628355741501	0.054743796586990356	379	70	70	38	2.4436906712715376	2.4509999752044678	3.0	3.0	3.3000001907348633	40.8504	124.1005	1559.5316	661.0	128647.0	572.0	5610.0	2710.8251	1.0757	4630.381	13100.6058	12658.0	57553.0	5399.0	22389.0	5179.825	63.536304915556684
sub-67_task-1_bold	0.011253973684210524	0.01898549202631579	0	19.521300036569933	1.064943729736148	0.9503752977572565	0.5908	424.0628	0.0633404089857014	10	2.6315789473684212	3.0172737515757198	2.996423333333333	3.10681	2.948587921393827	0.00401968	-0.018676450476050377	0.047921471297740936	380	70	70	38	2.717804710470519	2.4509999752044678	3.0	3.0	3.299999952316284	20.6259	91.6638	1369.9909	624.0	132748.0	558.0	5419.0	1887.8908	0.1386	4477.846	12953.9435	12844.5	53452.0	4469.0	20681.0	4726.0128	39.98548529832624
sub-67_task-2_bold	0.007808868421052632	0.02452623744736842	0	21.320584314934024	0.9884520541160958	0.8868837397889185	0.5928	416.8706	0.09567105909829206	32	8.421052631578947	3.0395960750287863	3.019746666666667	3.104623333333333	2.99441822508636	0.00770164	-0.01938682608306408	0.04883015155792236	380	70	70	38	2.7284103753404736	2.4509999752044678	3.0	3.0	3.299999952316284	19.7442	98.1131	1392.7907	630.0	132748.0	559.0	5498.0	1896.6861	0.1291	4485.7831	13001.8294	12872.5	53452.0	4745.0	20782.0	4717.9045	36.69980924855918
